0.4713181257247925,0.8561162948608398,1.106772856473981e-06,0.6478173732757568,0.7778645157814026,0.010612494312226772,0.7519285678863525,0.6901794672012329,0.002965236082673073,0.8247683644294739,0.6075109243392944,-0.02503681555390358,0.8503795862197876,0.502013623714447,-0.04951925948262215,0.5580461621284485,0.47972190380096436,0.09428229182958603,0.6524412035942078,0.35724759101867676,0.05059897527098656,0.7657338380813599,0.3870561718940735,-0.002401716075837612,0.8381701707839966,0.44308286905288696,-0.03482604771852493,0.5124919414520264,0.4670032858848572,0.05381933972239494,0.6295124888420105,0.314481258392334,-0.00485142832621932,0.7651175260543823,0.3601599335670471,-0.06511472910642624,0.8387755155563354,0.4466799199581146,-0.09733819961547852,0.4765549302101135,0.46378952264785767,0.0032707068603485823,0.5967929363250732,0.31327152252197266,-0.04798324406147003,0.7388697266578674,0.36002540588378906,-0.08267202973365784,0.8161851167678833,0.44296038150787354,-0.09544931352138519,0.4529793858528137,0.47633329033851624,-0.0494689904153347,0.5671788454055786,0.36570093035697937,-0.08577621728181839,0.6818708181381226,0.3850118815898895,-0.1009986400604248,0.7576370239257812,0.43735188245773315,-0.10541816800832748,O
0.4764387607574463,0.8562794327735901,1.1757205129470094e-06,0.6507387757301331,0.7842745780944824,0.01955694705247879,0.7550436854362488,0.6937667727470398,0.016659842804074287,0.8312972187995911,0.6110454201698303,-0.00811089389026165,0.8538699150085449,0.5064343810081482,-0.029176704585552216,0.548247754573822,0.4890824556350708,0.11015371978282928,0.6492103934288025,0.36626845598220825,0.07355478405952454,0.7659167647361755,0.3959474265575409,0.024500148370862007,0.8368549346923828,0.45291367173194885,-0.00515379011631012,0.5051345825195312,0.47470733523368835,0.06686913967132568,0.6302224397659302,0.32165199518203735,0.016856148838996887,0.7707954049110413,0.3650093674659729,-0.03962182253599167,0.8444769382476807,0.45154330134391785,-0.06960678845643997,0.47601181268692017,0.46936124563217163,0.014050250872969627,0.6090591549873352,0.32375019788742065,-0.02870376594364643,0.7539408206939697,0.37018057703971863,-0.05862940475344658,0.8281867504119873,0.44977158308029175,-0.069476418197155,0.46307122707366943,0.48013824224472046,-0.040401656180620193,0.5861634612083435,0.3705641031265259,-0.06910780817270279,0.7017934322357178,0.39208129048347473,-0.07776884734630585,0.7728255391120911,0.44342488050460815,-0.07815440744161606,O
0.5090005397796631,0.8580368757247925,1.0442036000313237e-06,0.6612172722816467,0.7904890775680542,5.787479676655494e-05,0.7652996778488159,0.6994271874427795,-0.01282996404916048,0.8416174650192261,0.6160345077514648,-0.043241824954748154,0.8592358827590942,0.509917676448822,-0.06902160495519638,0.5543291568756104,0.49090877175331116,0.07829932123422623,0.6460438370704651,0.35719189047813416,0.03213261812925339,0.7645260095596313,0.3854164481163025,-0.019658876582980156,0.8358901739120483,0.4422071576118469,-0.04907403513789177,0.5107987523078918,0.4813978970050812,0.04554416611790657,0.6331546902656555,0.3228946924209595,-0.013853373005986214,0.7746484279632568,0.36777883768081665,-0.07061846554279327,0.850044846534729,0.44813409447669983,-0.09774088114500046,0.4818885326385498,0.4805354177951813,0.0028506701346486807,0.6119343042373657,0.32902413606643677,-0.048744525760412216,0.7597721219062805,0.3697146773338318,-0.07875531911849976,0.8360411524772644,0.44536861777305603,-0.08624284714460373,0.46823811531066895,0.4973432421684265,-0.04258749261498451,0.590355634689331,0.3778865933418274,-0.08082646876573563,0.7038396596908569,0.3926050364971161,-0.09300033748149872,0.7710257768630981,0.44192230701446533,-0.09306693822145462,O
0.5069552659988403,0.8650349378585815,1.1675318773995969e-06,0.6681357026100159,0.7862407565116882,0.007469847332686186,0.7706636190414429,0.6957075595855713,-0.005657545756548643,0.8434872031211853,0.6145637631416321,-0.03791221231222153,0.8738900423049927,0.5088828206062317,-0.0659332275390625,0.5607891082763672,0.4865178167819977,0.08297331631183624,0.6536365151405334,0.35338422656059265,0.03602933511137962,0.7710134387016296,0.38466304540634155,-0.01711929216980934,0.8405930399894714,0.4450191557407379,-0.04742042347788811,0.5178303122520447,0.4783453345298767,0.04509672150015831,0.6441083550453186,0.3242835998535156,-0.012529535219073296,0.781670331954956,0.36993706226348877,-0.06980326771736145,0.8522567749023438,0.45279639959335327,-0.09828009456396103,0.49047917127609253,0.47886261343955994,-0.002336414996534586,0.6167389154434204,0.330638587474823,-0.047373637557029724,0.7599753737449646,0.37045150995254517,-0.07487796992063522,0.8340016603469849,0.445421040058136,-0.0829739198088646,0.47823476791381836,0.49623823165893555,-0.05249743536114693,0.595812201499939,0.3818668723106384,-0.08298172801733017,0.7064225077629089,0.39570045471191406,-0.09128355234861374,0.77215576171875,0.4447034001350403,-0.09005961567163467,O
0.49469876289367676,0.8623672127723694,1.265621790480509e-06,0.6685152053833008,0.7893648743629456,0.012217693030834198,0.7701324224472046,0.6983394622802734,0.00285635725595057,0.8488607406616211,0.614568829536438,-0.026443833485245705,0.8765037059783936,0.5087416172027588,-0.05165279656648636,0.564964771270752,0.4872108995914459,0.09225207567214966,0.6591827273368835,0.35977470874786377,0.049334269016981125,0.7760884761810303,0.3905205726623535,-0.001969672041013837,0.8476409316062927,0.4501630365848541,-0.032361242920160294,0.5239455699920654,0.4768332242965698,0.05316871032118797,0.6507478356361389,0.32815635204315186,-0.0005324641242623329,0.7885966300964355,0.3745938539505005,-0.05486025661230087,0.8598015308380127,0.4597152769565582,-0.08302628248929977,0.4981739819049835,0.4765322804450989,0.004588569514453411,0.6283853650093079,0.3355642557144165,-0.03855343535542488,0.7700765132904053,0.3793066740036011,-0.06453803181648254,0.8418605923652649,0.45701009035110474,-0.07259775698184967,0.4865769147872925,0.4925214648246765,-0.04647910222411156,0.6075652241706848,0.3872818052768707,-0.07557787746191025,0.7201842665672302,0.4051055908203125,-0.08388593047857285,0.7888728380203247,0.45367857813835144,-0.08349119126796722,O
0.49244046211242676,0.8681900501251221,1.2090038126189029e-06,0.6676519513130188,0.7879120707511902,0.009036463685333729,0.7743929624557495,0.698371946811676,0.0008865611744113266,0.8555159568786621,0.6160701513290405,-0.024139955639839172,0.8829522728919983,0.5115224719047546,-0.044507864862680435,0.5672546625137329,0.4868183434009552,0.08346180617809296,0.6857559680938721,0.37160050868988037,0.045962437987327576,0.7990845441818237,0.40326064825057983,0.0007619189564138651,0.8640624284744263,0.4605221450328827,-0.025385074317455292,0.5243211388587952,0.4716356694698334,0.04947259649634361,0.6637660264968872,0.32747265696525574,0.0008802153752185404,0.795030951499939,0.37471020221710205,-0.04979310184717178,0.8590298891067505,0.4609996974468231,-0.0763235092163086,0.4994957447052002,0.47197967767715454,0.006941669154912233,0.6327979564666748,0.3243395686149597,-0.03373883292078972,0.769123375415802,0.37086284160614014,-0.061263345181941986,0.8369208574295044,0.4522744417190552,-0.0709242895245552,0.49162256717681885,0.4900190532207489,-0.03748558089137077,0.6102145314216614,0.3785032331943512,-0.06473109126091003,0.7242277264595032,0.3982793390750885,-0.07479584217071533,0.7977076172828674,0.44990649819374084,-0.07634956389665604,O
0.5069630742073059,0.8709190487861633,1.1827952448584256e-06,0.6776526570320129,0.7896129488945007,0.012262989766895771,0.7798005938529968,0.6963822245597839,0.0038550077006220818,0.8577286005020142,0.6119173765182495,-0.023222478106617928,0.880281925201416,0.5100793838500977,-0.04549245908856392,0.5633527040481567,0.48671624064445496,0.08672189712524414,0.6676390171051025,0.35969847440719604,0.04472503438591957,0.7871784567832947,0.3939265012741089,-0.005233859643340111,0.8606072068214417,0.45220285654067993,-0.03493592515587807,0.5211691856384277,0.47673702239990234,0.04878794401884079,0.6579018235206604,0.32628142833709717,-0.0036710414569824934,0.7972939610481262,0.37420445680618286,-0.05635301023721695,0.8695769309997559,0.45802080631256104,-0.08379465341567993,0.49795275926589966,0.47859662771224976,0.0021461977157741785,0.6378926038742065,0.33759188652038574,-0.040466565638780594,0.7788317799568176,0.381791889667511,-0.06536084413528442,0.8508538007736206,0.457059770822525,-0.07299406826496124,0.49255210161209106,0.49680179357528687,-0.04674607515335083,0.6157875061035156,0.39039355516433716,-0.07603942602872849,0.7276182770729065,0.40563470125198364,-0.08415158092975616,0.7974653244018555,0.44900739192962646,-0.08376844227313995,O
0.5133436918258667,0.880799412727356,1.0102381793331006e-06,0.6855250000953674,0.7950142621994019,0.019157450646162033,0.7863857746124268,0.7032461762428284,0.01490895077586174,0.8612791895866394,0.6230942606925964,-0.00986720435321331,0.8865445852279663,0.5198059678077698,-0.0296889990568161,0.577592670917511,0.4935404062271118,0.10115400701761246,0.6872673034667969,0.37015050649642944,0.06279870867729187,0.8023347854614258,0.40674149990081787,0.013981401920318604,0.8692542910575867,0.4634506106376648,-0.014746185392141342,0.5328691005706787,0.4826412498950958,0.06035471707582474,0.6737456917762756,0.3302435278892517,0.010947633534669876,0.80864417552948,0.37945279479026794,-0.04238056391477585,0.875334620475769,0.46269741654396057,-0.06995566934347153,0.5059947967529297,0.4823562204837799,0.010758165270090103,0.6492903828620911,0.33539944887161255,-0.03065754473209381,0.7881901264190674,0.3826751112937927,-0.05787328630685806,0.8572795391082764,0.4615399241447449,-0.06645043194293976,0.5001762509346008,0.49785149097442627,-0.04045281559228897,0.6288759708404541,0.38686633110046387,-0.06848958879709244,0.7402119040489197,0.4069148898124695,-0.07685479521751404,0.8079993724822998,0.45608359575271606,-0.07648240774869919,O
0.5160884857177734,0.8857750296592712,1.1011733249688405e-06,0.6903733015060425,0.7984669804573059,0.019699597731232643,0.7896472811698914,0.7044487595558167,0.01298571564257145,0.8659852147102356,0.6260879635810852,-0.015652522444725037,0.8902652263641357,0.5281783938407898,-0.040720872581005096,0.5863018035888672,0.49553143978118896,0.10030920058488846,0.6902366876602173,0.3770548701286316,0.05791453644633293,0.8051187992095947,0.41226741671562195,0.005486057139933109,0.8740861415863037,0.4705445468425751,-0.026571042835712433,0.5438134670257568,0.48839855194091797,0.05599093437194824,0.6752586364746094,0.342690646648407,-0.00034037750447168946,0.8095155358314514,0.39373910427093506,-0.05813131481409073,0.8785861134529114,0.47934603691101074,-0.08859194815158844,0.5176358222961426,0.4918932616710663,0.0026585848536342382,0.6515620946884155,0.34833383560180664,-0.0443127378821373,0.7902692556381226,0.3968604803085327,-0.07318907976150513,0.8617222309112549,0.47698426246643066,-0.08257319778203964,0.5086177587509155,0.5119246244430542,-0.05245582014322281,0.6303610801696777,0.40403783321380615,-0.08433422446250916,0.7425004243850708,0.42185282707214355,-0.09501063823699951,0.8138563632965088,0.46898505091667175,-0.09653553366661072,O
0.4677083194255829,0.866478443145752,1.2012366141789244e-06,0.6770215034484863,0.811813235282898,0.01969246380031109,0.7919673323631287,0.7180249691009521,0.01752435602247715,0.8738334774971008,0.6286473274230957,-0.002270702738314867,0.8961057662963867,0.5257267951965332,-0.01889657974243164,0.6313616633415222,0.5180314779281616,0.07735875993967056,0.7211833000183105,0.4011136591434479,0.03886351361870766,0.8178591132164001,0.436177134513855,-0.0017237060237675905,0.8836342096328735,0.4979507625102997,-0.026499032974243164,0.5844420790672302,0.5028302669525146,0.03530040383338928,0.6877864003181458,0.35003000497817993,-0.021656496450304985,0.8088805079460144,0.40180376172065735,-0.07251656800508499,0.875749409198761,0.4930356442928314,-0.0994727835059166,0.5498480200767517,0.5068380832672119,-0.014112281613051891,0.6506515741348267,0.3470759689807892,-0.06672557443380356,0.7745580673217773,0.4012688398361206,-0.0997258722782135,0.8420851230621338,0.48762914538383484,-0.11168819665908813,0.5278351306915283,0.5260446667671204,-0.06351112574338913,0.6217204928398132,0.41493695974349976,-0.09649194777011871,0.7273842692375183,0.43441519141197205,-0.11233941465616226,0.8044601082801819,0.48548394441604614,-0.11880099028348923,O
0.378398597240448,0.7638146877288818,1.1117110716440948e-06,0.5282794237136841,0.7050608396530151,-0.019740542396903038,0.6448435187339783,0.6113077998161316,-0.0334773026406765,0.716434121131897,0.5165922045707703,-0.06064758822321892,0.725948691368103,0.4018087089061737,-0.0820162445306778,0.4545917809009552,0.39509356021881104,0.08043700456619263,0.5298311114311218,0.2592838704586029,0.035220012068748474,0.6404938697814941,0.2851939797401428,-0.017929477617144585,0.7078735828399658,0.34241119027137756,-0.047904208302497864,0.40705740451812744,0.3829258382320404,0.05813498795032501,0.5034270286560059,0.2256491780281067,0.0039915707893669605,0.6323338747024536,0.26260584592819214,-0.05370333045721054,0.7040423154830933,0.33842772245407104,-0.0828888863325119,0.36444440484046936,0.37616485357284546,0.02250700071454048,0.46836715936660767,0.22205489873886108,-0.026732435449957848,0.6076321005821228,0.2566840648651123,-0.05931618809700012,0.683344841003418,0.329411119222641,-0.06929034739732742,0.32910940051078796,0.38648250699043274,-0.01810734160244465,0.4399619698524475,0.26767224073410034,-0.057156339287757874,0.5477243065834045,0.27975746989250183,-0.07233494520187378,0.6149553060531616,0.3289276957511902,-0.07454697787761688,O
0.48890021443367004,0.8860243558883667,1.2296177374082617e-06,0.684336245059967,0.8216678500175476,0.018859077244997025,0.7964763641357422,0.7252601385116577,0.013447346165776253,0.8762009739875793,0.6359572410583496,-0.009827357716858387,0.8921225070953369,0.531974732875824,-0.030093444511294365,0.6150121688842773,0.5247922539710999,0.06976208835840225,0.7079597115516663,0.3960140347480774,0.03062819503247738,0.8157818913459778,0.4315100312232971,-0.007982651703059673,0.8838419318199158,0.49618181586265564,-0.029673974961042404,0.5678714513778687,0.5123397707939148,0.028383634984493256,0.6795172095298767,0.357913076877594,-0.023592282086610794,0.8070142269134521,0.41038641333580017,-0.06717992573976517,0.8751450777053833,0.4991475045681,-0.08901214599609375,0.5377399325370789,0.5160456895828247,-0.020159099251031876,0.6506174206733704,0.3596748113632202,-0.06500164419412613,0.7811263799667358,0.4122796058654785,-0.08861974626779556,0.8502219915390015,0.49459898471832275,-0.09537779539823532,0.521395742893219,0.5352360606193542,-0.06938193738460541,0.6258397102355957,0.41904276609420776,-0.09673977643251419,0.7315798401832581,0.4387304484844208,-0.10446775704622269,0.7995156049728394,0.48981934785842896,-0.10502349585294724,O
0.5280725359916687,0.9034944772720337,1.2550792689580703e-06,0.6948356032371521,0.8285513520240784,0.01047357264906168,0.7919596433639526,0.7335281372070312,0.003261534497141838,0.8665924668312073,0.6472036838531494,-0.02218206413090229,0.8939735889434814,0.5427778959274292,-0.04314218834042549,0.5844744443893433,0.5336179733276367,0.08908308297395706,0.6776748895645142,0.4073762893676758,0.051114313304424286,0.7919415235519409,0.43364858627319336,0.00556363258510828,0.86151123046875,0.48770540952682495,-0.020983342081308365,0.5432888269424438,0.5231918096542358,0.05466702952980995,0.6679805517196655,0.3759028911590576,0.006263781804591417,0.8017555475234985,0.4191642999649048,-0.04331644997000694,0.8731649518013,0.49923616647720337,-0.0681542158126831,0.5204183459281921,0.5241603851318359,0.011176773346960545,0.6478315591812134,0.3839528560638428,-0.027930233627557755,0.7866055965423584,0.4226329028606415,-0.052388355135917664,0.8601291179656982,0.4949030578136444,-0.05983420088887215,0.5135083794593811,0.5417017340660095,-0.03459933400154114,0.6294225454330444,0.4387602210044861,-0.06163213029503822,0.7402973175048828,0.4511320888996124,-0.07068810611963272,0.8117988109588623,0.4927128255367279,-0.07097902148962021,O
0.49283909797668457,0.9046165943145752,1.1146404403916677e-06,0.6791505813598633,0.8341586589813232,0.001141709159128368,0.7868115901947021,0.7410755753517151,-0.008239821530878544,0.8646653890609741,0.6484737992286682,-0.02963552437722683,0.8911702632904053,0.5437342524528503,-0.04564062878489494,0.5929493308067322,0.538298487663269,0.051093704998493195,0.6918616890907288,0.4128853678703308,0.011521236039698124,0.7954339385032654,0.4476354420185089,-0.02584085427224636,0.8609782457351685,0.5051409006118774,-0.04657682031393051,0.5474793910980225,0.5218380689620972,0.022737527266144753,0.6664479374885559,0.3725303113460541,-0.02821640856564045,0.7875478267669678,0.42334985733032227,-0.06995327770709991,0.851469099521637,0.5060155391693115,-0.09089317172765732,0.5219298005104065,0.5251144766807556,-0.01340431347489357,0.6372851133346558,0.3753211498260498,-0.05882452428340912,0.7641295790672302,0.42393648624420166,-0.08442797511816025,0.8325510025024414,0.5016595125198364,-0.09237078577280045,0.5125322341918945,0.5446723699569702,-0.05117327719926834,0.61494380235672,0.4346291422843933,-0.08139228820800781,0.7202638387680054,0.45210644602775574,-0.0939142033457756,0.7919118404388428,0.4992867708206177,-0.0974544882774353,O
0.4602471590042114,0.9001775979995728,1.1734903182514245e-06,0.6463249325752258,0.851791501045227,-0.018506160005927086,0.7647413015365601,0.7528771162033081,-0.03373274579644203,0.8526785373687744,0.6556867361068726,-0.052754826843738556,0.8800803422927856,0.5520302653312683,-0.06508230417966843,0.5702100992202759,0.5573983192443848,0.004907929804176092,0.6731202006340027,0.4290316104888916,-0.03978820890188217,0.7831173539161682,0.4607880413532257,-0.07416042685508728,0.8529369235038757,0.5240054726600647,-0.0906023383140564,0.5295855402946472,0.5308433175086975,-0.008427555672824383,0.6529159545898438,0.37834876775741577,-0.061008427292108536,0.7748119235038757,0.4315889775753021,-0.09740473330020905,0.8371204137802124,0.5188947319984436,-0.11423497647047043,0.5122506618499756,0.5310341715812683,-0.028181131929159164,0.6306130886077881,0.3771677613258362,-0.07511763274669647,0.7549625635147095,0.43051037192344666,-0.1017715260386467,0.8176441788673401,0.5140387415885925,-0.10989874601364136,0.5112007856369019,0.5491403341293335,-0.04963166266679764,0.6129885911941528,0.4391545355319977,-0.08089614659547806,0.7198516726493835,0.4612646996974945,-0.09611578285694122,0.790642499923706,0.5144329071044922,-0.1011102944612503,O
0.4410148561000824,0.9030430912971497,1.2622107306015096e-06,0.6269118189811707,0.8594850301742554,-0.030474189668893814,0.7462125420570374,0.760853111743927,-0.047870077192783356,0.8332701921463013,0.6555184125900269,-0.06323619186878204,0.8643972277641296,0.5499939918518066,-0.07062385976314545,0.5433013439178467,0.5806490182876587,-0.01610420271754265,0.6391265392303467,0.4449356198310852,-0.05909213423728943,0.7501298189163208,0.470261812210083,-0.0896475687623024,0.8256099224090576,0.5269679427146912,-0.10278413444757462,0.501684308052063,0.5499154329299927,-0.017761871218681335,0.6135580539703369,0.38801491260528564,-0.06824880093336105,0.739509642124176,0.433807909488678,-0.1006656289100647,0.8115301728248596,0.5147223472595215,-0.1147899478673935,0.4889785051345825,0.545353353023529,-0.024622082710266113,0.5986786484718323,0.3914234936237335,-0.06959410756826401,0.7226721048355103,0.4382067322731018,-0.09336099028587341,0.7890688180923462,0.5134915113449097,-0.09916236996650696,0.4967886209487915,0.5567556023597717,-0.03345716744661331,0.5932866334915161,0.4499318599700928,-0.060134030878543854,0.6955949664115906,0.4683206379413605,-0.07045897096395493,0.7664732933044434,0.5136890411376953,-0.07157360762357712,O
0.4150383770465851,0.9107736349105835,1.161527393378492e-06,0.6016963720321655,0.8763850927352905,-0.020382877439260483,0.7237526774406433,0.7734919190406799,-0.02971736155450344,0.8189159631729126,0.6660033464431763,-0.03968765214085579,0.8529574871063232,0.5584434270858765,-0.042843297123909,0.5310937166213989,0.6006410717964172,0.0014012042665854096,0.6176324486732483,0.45681536197662354,-0.036734651774168015,0.7256260514259338,0.4772924780845642,-0.06696730852127075,0.8005769848823547,0.531702995300293,-0.08106565475463867,0.4902503490447998,0.5622907876968384,-0.005261418875306845,0.596653163433075,0.39347362518310547,-0.05263581871986389,0.7221075892448425,0.43768244981765747,-0.08865045011043549,0.7919781804084778,0.5213156938552856,-0.105780690908432,0.4747566282749176,0.5506848096847534,-0.017020348459482193,0.5799803137779236,0.39167076349258423,-0.0609542615711689,0.7049874663352966,0.4384952485561371,-0.09181538969278336,0.7708847522735596,0.516332745552063,-0.10285604745149612,0.4810624122619629,0.5563603639602661,-0.029644696041941643,0.5768815279006958,0.44658005237579346,-0.057132288813591,0.6800789833068848,0.4663115441799164,-0.072319395840168,0.7536455988883972,0.5151522755622864,-0.07742093503475189,O
0.46611905097961426,0.9602224230766296,1.2440535783753148e-06,0.6401669979095459,0.8644708395004272,0.013028455898165703,0.7358656525611877,0.7633335590362549,0.0029312148690223694,0.8100557923316956,0.6714354753494263,-0.02723582647740841,0.8300313949584961,0.5636395812034607,-0.05273468419909477,0.5238342881202698,0.573749840259552,0.08802039921283722,0.6015061140060425,0.4348093271255493,0.04230276122689247,0.7156887650489807,0.4593891501426697,-0.007880868390202522,0.7894293069839478,0.5156246423721313,-0.03705744445323944,0.47795093059539795,0.5699941515922546,0.04793250560760498,0.579642653465271,0.4073597192764282,-0.0056124478578567505,0.7142502665519714,0.4404412806034088,-0.05676582083106041,0.7918097972869873,0.5165037512779236,-0.0836590975522995,0.4502999186515808,0.5759875178337097,-0.0018881505820900202,0.5540249347686768,0.41699326038360596,-0.047117624431848526,0.6933214664459229,0.4466741979122162,-0.07142335176467896,0.7718532681465149,0.515472948551178,-0.07829531282186508,0.441312313079834,0.5971567630767822,-0.05420047789812088,0.5442914962768555,0.483445405960083,-0.08348888903856277,0.6522926092147827,0.4909757971763611,-0.09117193520069122,0.7232645153999329,0.5331853628158569,-0.09064275026321411,O
0.4345090091228485,0.9631942510604858,1.173684040622902e-06,0.6190711855888367,0.8702282905578613,0.0202834140509367,0.7220536470413208,0.7661296129226685,0.012790136970579624,0.796005129814148,0.672665536403656,-0.012759290635585785,0.8187416195869446,0.5685984492301941,-0.03439269959926605,0.5203555226325989,0.5887625813484192,0.05707161873579025,0.5982969999313354,0.44568896293640137,0.007623536512255669,0.7101408839225769,0.4721457362174988,-0.03524690121412277,0.7848727703094482,0.5305421352386475,-0.05850665271282196,0.47467106580734253,0.5795825719833374,0.012059580534696579,0.5731845498085022,0.41177451610565186,-0.05209040641784668,0.7058905363082886,0.4505762457847595,-0.09899334609508514,0.7803250551223755,0.5337079167366028,-0.12096592783927917,0.44775331020355225,0.5844281315803528,-0.03966587781906128,0.546970546245575,0.4108245372772217,-0.09382075816392899,0.6810387372970581,0.44870150089263916,-0.11746889352798462,0.7576249837875366,0.5245028734207153,-0.12195219099521637,0.4350529611110687,0.604139506816864,-0.09197801351547241,0.5276992321014404,0.4756236970424652,-0.12626862525939941,0.6344429850578308,0.4848926365375519,-0.1356666535139084,0.7089584469795227,0.5319636464118958,-0.13560174405574799,O
0.45625364780426025,0.9848482608795166,1.0653234312485438e-06,0.6259017586708069,0.8725115060806274,0.02243719808757305,0.7169106006622314,0.767630934715271,0.015892043709754944,0.7840225696563721,0.6785240769386292,-0.013482357375323772,0.8087425231933594,0.5726101398468018,-0.038108039647340775,0.495319664478302,0.5767059326171875,0.09685792028903961,0.5749912261962891,0.4348996877670288,0.050120770931243896,0.6913695335388184,0.4616301655769348,-0.0005368493148125708,0.7655255794525146,0.5176783204078674,-0.029457511380314827,0.44817298650741577,0.5751893520355225,0.05083314701914787,0.5567389726638794,0.41101160645484924,-0.0032760286703705788,0.6952533721923828,0.44627994298934937,-0.053706537932157516,0.7751317024230957,0.5199363827705383,-0.07890667021274567,0.4215502142906189,0.5849833488464355,-0.004636432975530624,0.5329017639160156,0.42250388860702515,-0.05116492137312889,0.6784231066703796,0.454281210899353,-0.07397305220365524,0.7613605260848999,0.5235978364944458,-0.07838115096092224,0.4162432551383972,0.613318145275116,-0.061901289969682693,0.5237393975257874,0.4912033975124359,-0.09237433969974518,0.6360881328582764,0.4995242953300476,-0.09740407764911652,0.7104326486587524,0.5440356135368347,-0.09365451335906982,O
0.46102964878082275,0.9909535646438599,1.2195605449960567e-06,0.6218516230583191,0.8756331205368042,0.007861903868615627,0.7142326831817627,0.7740576267242432,-0.009161028079688549,0.7834275960922241,0.6828217506408691,-0.04586997628211975,0.8052225112915039,0.5743890404701233,-0.0771191194653511,0.47941261529922485,0.5771599411964417,0.08032630383968353,0.5703381299972534,0.4427698254585266,0.028275007382035255,0.6915633082389832,0.4692297577857971,-0.027455754578113556,0.7703699469566345,0.5234695672988892,-0.060207512229681015,0.43218278884887695,0.5769508481025696,0.040997464209795,0.5591632127761841,0.4179404377937317,-0.021142037585377693,0.6979820728302002,0.45498403906822205,-0.07787587493658066,0.7781707048416138,0.528611958026886,-0.1061108410358429,0.40881335735321045,0.5869746804237366,-0.00788561999797821,0.5332666635513306,0.430425763130188,-0.05676931142807007,0.6789965629577637,0.46234482526779175,-0.08099769800901413,0.7621359825134277,0.5303295850753784,-0.08615460246801376,0.4074680209159851,0.6159929633140564,-0.05975488945841789,0.5199735164642334,0.5006144642829895,-0.08977508544921875,0.6281474828720093,0.5064927339553833,-0.09536848217248917,0.6993831992149353,0.5474916100502014,-0.09219268709421158,O
0.39481890201568604,0.7910019159317017,1.0124022082891315e-06,0.5466770529747009,0.7220237851142883,-0.015087575651705265,0.6586012244224548,0.6264987587928772,-0.030935321003198624,0.7327427864074707,0.5383616089820862,-0.062118496745824814,0.7502653002738953,0.4224552512168884,-0.08732063323259354,0.46601173281669617,0.4054952561855316,0.0777129977941513,0.5441175699234009,0.2631022334098816,0.025552818551659584,0.6582298874855042,0.2938482165336609,-0.03359778970479965,0.7257652878761292,0.3566003441810608,-0.06662916392087936,0.4216938614845276,0.3966430127620697,0.051140278577804565,0.5235961675643921,0.23548747599124908,-0.009433619678020477,0.6582626700401306,0.2748253643512726,-0.07287617772817612,0.7299017310142517,0.35580262541770935,-0.10560133308172226,0.38281190395355225,0.3930792808532715,0.01191072165966034,0.49304574728012085,0.23782438039779663,-0.04015795513987541,0.6384457945823669,0.27361351251602173,-0.07564695924520493,0.7163558602333069,0.3496044874191284,-0.08734297752380371,0.35353320837020874,0.406328946352005,-0.03177258372306824,0.46722567081451416,0.28554803133010864,-0.07003050297498703,0.5791394114494324,0.2998921275138855,-0.08392365276813507,0.6469685435295105,0.35310328006744385,-0.08526013046503067,O
0.4583475589752197,0.994571328163147,1.147795160250098e-06,0.6191617846488953,0.8853756189346313,0.00097496691159904,0.7103921175003052,0.7797544002532959,-0.01552211306989193,0.7804598808288574,0.6889826655387878,-0.05142752453684807,0.8048220872879028,0.5777974128723145,-0.08290302753448486,0.5073797106742859,0.5853590369224548,0.07039497047662735,0.5788675546646118,0.43960875272750854,0.01215635146945715,0.6908413171768188,0.4684082269668579,-0.046787261962890625,0.7646974921226501,0.5267461538314819,-0.08084050565958023,0.4582645893096924,0.5850650072097778,0.03135470300912857,0.5551660060882568,0.4186848998069763,-0.0363941453397274,0.6898719072341919,0.45738810300827026,-0.09787919372320175,0.7694131731987,0.5349108576774597,-0.12932606041431427,0.4246952533721924,0.5950050950050354,-0.018361108377575874,0.5194158554077148,0.43255043029785156,-0.07694005221128464,0.6605879664421082,0.4668278992176056,-0.10976486653089523,0.7437877655029297,0.5386515259742737,-0.11884891241788864,0.4069174528121948,0.6243289709091187,-0.07126909494400024,0.506952702999115,0.5032837986946106,-0.1113557294011116,0.6172969341278076,0.5089755058288574,-0.12500475347042084,0.6928993463516235,0.5529729127883911,-0.12643584609031677,O
0.47712990641593933,0.986722469329834,1.1071814469687524e-06,0.6214540004730225,0.8766744136810303,0.00557208526879549,0.7129791378974915,0.7734512090682983,-0.011759982444345951,0.7811660170555115,0.686064600944519,-0.04746254161000252,0.8007065057754517,0.5840925574302673,-0.07752534747123718,0.4624165892601013,0.586812436580658,0.07430855929851532,0.5569499135017395,0.4437648057937622,0.023347139358520508,0.6826494336128235,0.46431922912597656,-0.030057599768042564,0.763241171836853,0.5164243578910828,-0.06005915254354477,0.416632741689682,0.58849036693573,0.0375400073826313,0.5490077137947083,0.42113620042800903,-0.022205917164683342,0.6911482810974121,0.4556240737438202,-0.07558055222034454,0.7713189125061035,0.5271700620651245,-0.1007964015007019,0.39773690700531006,0.599342942237854,-0.008272984996438026,0.5299733877182007,0.43667805194854736,-0.05546082183718681,0.6755083799362183,0.46508175134658813,-0.07565172016620636,0.7550659775733948,0.5332040190696716,-0.07724831998348236,0.40463778376579285,0.6280508637428284,-0.05708687752485275,0.5197321772575378,0.5016822218894958,-0.08599594235420227,0.626280665397644,0.5048781037330627,-0.08827384561300278,0.6919278502464294,0.5459802150726318,-0.0819864273071289,O
0.43035468459129333,0.9996697902679443,1.0353306834076648e-06,0.6139807105064392,0.8855758309364319,0.01861387863755226,0.707597553730011,0.7730658650398254,0.007727316115051508,0.7826926708221436,0.6795529127120972,-0.02604307234287262,0.8020755648612976,0.5719224810600281,-0.05681004375219345,0.5141698122024536,0.5928868651390076,0.07295941561460495,0.5772008299827576,0.437635600566864,0.013117825612425804,0.6841956377029419,0.4662961959838867,-0.04263179749250412,0.7560418844223022,0.5265092849731445,-0.07420215010643005,0.4659730792045593,0.5934312343597412,0.022682584822177887,0.5481535792350769,0.4131086468696594,-0.048960719257593155,0.6791319251060486,0.4536479115486145,-0.10591199994087219,0.7550135850906372,0.5351245403289795,-0.1341688185930252,0.43276965618133545,0.6048789620399475,-0.03701414540410042,0.5152316093444824,0.42395487427711487,-0.09885495156049728,0.6543728113174438,0.46224772930145264,-0.12883849442005157,0.7364949584007263,0.5388549566268921,-0.13578185439109802,0.41395294666290283,0.6330296397209167,-0.09848557412624359,0.5031611919403076,0.4972919821739197,-0.1371961086988449,0.6126043200492859,0.5049950480461121,-0.1487860381603241,0.6887491941452026,0.5525671243667603,-0.14992384612560272,O
0.47839584946632385,0.9825564622879028,1.0523277751417481e-06,0.6250139474868774,0.8699862957000732,0.007755476515740156,0.7140486240386963,0.7671620845794678,-0.006710657849907875,0.780532717704773,0.6817715167999268,-0.04073458909988403,0.7972844839096069,0.5799494981765747,-0.06940121203660965,0.47317618131637573,0.582075297832489,0.08399442583322525,0.5603485703468323,0.4392819106578827,0.03309209644794464,0.684765100479126,0.4629526734352112,-0.023289449512958527,0.7632631063461304,0.5177618861198425,-0.055119965225458145,0.4271443486213684,0.5834537744522095,0.04680890962481499,0.5487152338027954,0.4192505478858948,-0.013650747016072273,0.6907894611358643,0.4553793668746948,-0.07159293442964554,0.7689778208732605,0.5296921133995056,-0.09979431331157684,0.4036039710044861,0.5928258895874023,0.0002443220291752368,0.5276021361351013,0.4315863847732544,-0.0469122938811779,0.6727988123893738,0.4613494873046875,-0.07048102468252182,0.7504091858863831,0.5315999388694763,-0.07408017665147781,0.4028162658214569,0.6196195483207703,-0.049200575798749924,0.5142300128936768,0.49400609731674194,-0.07674523442983627,0.6192036867141724,0.4978405833244324,-0.07928850501775742,0.6821533441543579,0.5409067869186401,-0.07324957102537155,O
0.4641900658607483,0.9884161949157715,1.0803847771967412e-06,0.6219651103019714,0.8735145330429077,0.004674370400607586,0.7083492875099182,0.7641106843948364,-0.00883628148585558,0.7731598615646362,0.6705636382102966,-0.041021086275577545,0.7895146608352661,0.5623032450675964,-0.06773525476455688,0.4849897623062134,0.5827714800834656,0.07107525318861008,0.5544788241386414,0.4378623366355896,0.013935772702097893,0.6713075637817383,0.4625878930091858,-0.043401286005973816,0.7487959265708923,0.5170425176620483,-0.07612530887126923,0.43921029567718506,0.5853180289268494,0.032834626734256744,0.5356357097625732,0.4198542833328247,-0.031806714832782745,0.6752673387527466,0.4510084390640259,-0.08848840743303299,0.7591467499732971,0.5218304991722107,-0.1174333244562149,0.4112761318683624,0.5970396995544434,-0.015738431364297867,0.5114414691925049,0.4357571303844452,-0.07210157811641693,0.654728353023529,0.4607858657836914,-0.10142197459936142,0.7393336296081543,0.5244914293289185,-0.10897747427225113,0.4014303684234619,0.6239250302314758,-0.06714173406362534,0.5029928684234619,0.5062426328659058,-0.1059422418475151,0.6125162839889526,0.5054077506065369,-0.11818177998065948,0.6878891587257385,0.5394747257232666,-0.11892648041248322,O
0.473042368888855,0.9862302541732788,1.0434227988298517e-06,0.624148428440094,0.8661880493164062,0.009516425430774689,0.7073079347610474,0.75099778175354,0.0013552694581449032,0.7719861268997192,0.6521035432815552,-0.026688016951084137,0.7808051705360413,0.5470860004425049,-0.05055585503578186,0.4851202070713043,0.5810364484786987,0.08549828082323074,0.5496267080307007,0.4369940161705017,0.03444070741534233,0.6631888747215271,0.4589131474494934,-0.021230703219771385,0.738717257976532,0.51033616065979,-0.05369061231613159,0.43983158469200134,0.5809460282325745,0.046174004673957825,0.5283368229866028,0.4155406951904297,-0.01438407227396965,0.6659659147262573,0.44439443945884705,-0.07335908710956573,0.7500177025794983,0.5148814916610718,-0.10416845232248306,0.40977317094802856,0.5902409553527832,-0.0031801005825400352,0.49829715490341187,0.4250926971435547,-0.057178299874067307,0.6403346061706543,0.4511454105377197,-0.08989661186933517,0.7250838279724121,0.5183190703392029,-0.0996900275349617,0.39616668224334717,0.6147756576538086,-0.05482146888971329,0.48817288875579834,0.4903413951396942,-0.09227478504180908,0.594864010810852,0.4909552335739136,-0.10557323694229126,0.6700820326805115,0.5296098589897156,-0.10722925513982773,O
0.49628573656082153,0.9872629642486572,8.928564625421131e-07,0.6334123611450195,0.8594455122947693,0.011104317381978035,0.7160131931304932,0.7461116313934326,-0.00016050080012064427,0.7787030339241028,0.6547819972038269,-0.031380794942379,0.7812102437019348,0.5514700412750244,-0.05685705691576004,0.4549306035041809,0.5839223265647888,0.08178601413965225,0.5308305025100708,0.42609962821006775,0.026688210666179657,0.6589422821998596,0.43855929374694824,-0.03227587044239044,0.7405985593795776,0.4876313805580139,-0.06456123292446136,0.4102586805820465,0.589714765548706,0.042290035635232925,0.5211920738220215,0.4083760380744934,-0.02193640172481537,0.6715935468673706,0.43401211500167847,-0.0825670138001442,0.7578920125961304,0.5029769539833069,-0.11235001683235168,0.389342337846756,0.6003953218460083,-0.00638268468901515,0.5052882432937622,0.42546936869621277,-0.05825120955705643,0.6549718976020813,0.44512712955474854,-0.08639118075370789,0.7384438514709473,0.5097437500953674,-0.09261013567447662,0.3916797637939453,0.6223312616348267,-0.05736037716269493,0.4939426779747009,0.48647862672805786,-0.08943251520395279,0.6014938354492188,0.4819066524505615,-0.09590430557727814,0.6712515354156494,0.5180018544197083,-0.09245306998491287,O
0.496590256690979,0.9975861310958862,9.250705943486537e-07,0.640577495098114,0.8635822534561157,0.012144867330789566,0.7161068320274353,0.7436730265617371,0.004746664315462112,0.7730942964553833,0.6448867917060852,-0.023458559066057205,0.7724694013595581,0.5392541289329529,-0.04701856151223183,0.4761664867401123,0.5803807377815247,0.08984637260437012,0.5339329242706299,0.4338822364807129,0.03734385967254639,0.651709258556366,0.4507356882095337,-0.02072148583829403,0.732354462146759,0.49778392910957336,-0.05481947958469391,0.42991989850997925,0.5844035148620605,0.0481610931456089,0.514380931854248,0.4150649309158325,-0.012994145043194294,0.6548948884010315,0.43750277161598206,-0.07220882177352905,0.7436375021934509,0.5028394460678101,-0.10316085815429688,0.40185245871543884,0.597048282623291,-0.003999941051006317,0.49208614230155945,0.42992109060287476,-0.057040199637413025,0.6359301805496216,0.44563794136047363,-0.08830592036247253,0.7249289155006409,0.5054306983947754,-0.09766329079866409,0.3936982750892639,0.6232920289039612,-0.05879657343029976,0.48417556285858154,0.49579912424087524,-0.09472393244504929,0.5905687212944031,0.48586201667785645,-0.1068064346909523,0.6682620644569397,0.514398455619812,-0.10815904289484024,O
0.5071901082992554,0.989936351776123,8.913777378438681e-07,0.6437004804611206,0.8592135906219482,0.013185691088438034,0.7223539352416992,0.7480946779251099,0.0023108399473130703,0.7778922319412231,0.6539461016654968,-0.030577711760997772,0.7791311144828796,0.547652542591095,-0.060122717171907425,0.48867616057395935,0.5855117440223694,0.08793420344591141,0.5461572408676147,0.4366419315338135,0.0353224091231823,0.662773609161377,0.45158982276916504,-0.02338511496782303,0.7402985095977783,0.49945852160453796,-0.057356491684913635,0.44190019369125366,0.5887707471847534,0.0446632020175457,0.5264766812324524,0.4153991639614105,-0.016858961433172226,0.6665931940078735,0.43738916516304016,-0.0775863453745842,0.7523990273475647,0.5053287148475647,-0.10948750376701355,0.4108664393424988,0.599267303943634,-0.008479313924908638,0.5013025999069214,0.42855799198150635,-0.05859046056866646,0.6458103656768799,0.4454851746559143,-0.0889742448925972,0.7337126135826111,0.508441150188446,-0.09856302291154861,0.39775657653808594,0.62510746717453,-0.06411847472190857,0.48526090383529663,0.48853254318237305,-0.09649355709552765,0.5946599245071411,0.4804115295410156,-0.10589642077684402,0.6733072400093079,0.5154155492782593,-0.10597962886095047,O
0.5068015456199646,0.9920934438705444,1.0175563147640787e-06,0.6483428478240967,0.8562432527542114,0.010248750448226929,0.7244115471839905,0.7415028810501099,-0.001642119837924838,0.7818269729614258,0.6409841179847717,-0.033519238233566284,0.7800761461257935,0.531683087348938,-0.060417819768190384,0.47385329008102417,0.5830893516540527,0.08843664824962616,0.5333679914474487,0.4350333511829376,0.038699015974998474,0.6495236158370972,0.4488378167152405,-0.017203569412231445,0.7266079187393188,0.49604058265686035,-0.049069520086050034,0.428630530834198,0.5883634090423584,0.049554646015167236,0.5172947645187378,0.4154757559299469,-0.007125870790332556,0.6544108390808105,0.4324168562889099,-0.06285947561264038,0.7390099763870239,0.49700599908828735,-0.0915113016963005,0.4037594199180603,0.6001615524291992,0.000624421110842377,0.49756860733032227,0.4312843084335327,-0.04550941661000252,0.6377032995223999,0.44146519899368286,-0.07157238572835922,0.7213644981384277,0.49993693828582764,-0.07821719348430634,0.400702565908432,0.6247376799583435,-0.05115436017513275,0.49363309144973755,0.4911147356033325,-0.08008743822574615,0.6003793478012085,0.4800010323524475,-0.08659864217042923,0.6753026843070984,0.5110111236572266,-0.08410559594631195,O
0.4026036262512207,0.8019762635231018,1.1731003723980393e-06,0.5667689442634583,0.7300142645835876,-0.008590981364250183,0.6769643425941467,0.6370034217834473,-0.02414141409099102,0.7530253529548645,0.5490094423294067,-0.056861620396375656,0.7706048488616943,0.43557265400886536,-0.0846840962767601,0.4855547547340393,0.41831034421920776,0.08420030772686005,0.5648940801620483,0.28229546546936035,0.03439697250723839,0.6783676147460938,0.31232789158821106,-0.02431495301425457,0.7466356158256531,0.3748486042022705,-0.05764497071504593,0.439983606338501,0.40921223163604736,0.053881704807281494,0.5408079624176025,0.24994942545890808,-0.004448173101991415,0.674067497253418,0.28793805837631226,-0.06737355142831802,0.7460373640060425,0.37068209052085876,-0.10025941580533981,0.40284019708633423,0.4048335552215576,0.011507971212267876,0.5084249377250671,0.25070470571517944,-0.03451473265886307,0.6511362195014954,0.28347745537757874,-0.06848650425672531,0.7295438051223755,0.3590514063835144,-0.08093809336423874,0.3769139051437378,0.41648608446121216,-0.03542637452483177,0.48568183183670044,0.2991907000541687,-0.06676755845546722,0.5958883762359619,0.30957791209220886,-0.07857754081487656,0.6639791131019592,0.3604851961135864,-0.07997602969408035,O
0.524543046951294,0.9716250896453857,9.349112701784179e-07,0.6567919254302979,0.8493135571479797,0.003303354373201728,0.7321459650993347,0.7322156429290771,-0.008917649276554585,0.785102128982544,0.636168897151947,-0.03834320977330208,0.7808132767677307,0.5318269729614258,-0.062164317816495895,0.4772879481315613,0.5864855647087097,0.07137767225503922,0.5389583110809326,0.4328153133392334,0.020986244082450867,0.6631677746772766,0.43848511576652527,-0.03301620855927467,0.7463717460632324,0.47870174050331116,-0.06336386501789093,0.43151405453681946,0.5900551676750183,0.037213414907455444,0.5188698768615723,0.4094794988632202,-0.020042702555656433,0.6648643612861633,0.4213669002056122,-0.0741233080625534,0.7536353468894958,0.48059412837028503,-0.10182671993970871,0.40492013096809387,0.5987040996551514,-0.006263721734285355,0.49792736768722534,0.4218214452266693,-0.0559171624481678,0.6429159641265869,0.431215763092041,-0.08231934159994125,0.7279073596000671,0.48858481645584106,-0.08893564343452454,0.4005497992038727,0.6170158386230469,-0.05238182470202446,0.4923155605792999,0.47998473048210144,-0.08858537673950195,0.6000304818153381,0.47123000025749207,-0.09794352948665619,0.6722115874290466,0.5033355355262756,-0.09638825058937073,O
0.5341686010360718,0.958398699760437,8.646860578664928e-07,0.6638626456260681,0.8361911773681641,0.0005218943697400391,0.7390457391738892,0.7194915413856506,-0.011715874075889587,0.7879070043563843,0.622560441493988,-0.04125678911805153,0.7837685942649841,0.5162482261657715,-0.06605281680822372,0.5044936537742615,0.5753651261329651,0.07253417372703552,0.5569581389427185,0.4235524833202362,0.022034769877791405,0.6753538846969604,0.42698895931243896,-0.03297818452119827,0.7557336091995239,0.46683385968208313,-0.06381219625473022,0.45885419845581055,0.5792815089225769,0.0401424840092659,0.5302783846855164,0.39955124258995056,-0.018420733511447906,0.6699472665786743,0.4091619849205017,-0.07581422477960587,0.7563416957855225,0.4700111150741577,-0.10519493371248245,0.424996554851532,0.5876380801200867,-0.0018233576556667686,0.49820441007614136,0.40818727016448975,-0.052084654569625854,0.6402187347412109,0.41574811935424805,-0.08120771497488022,0.726889967918396,0.47327348589897156,-0.0891290232539177,0.4077557921409607,0.6062033176422119,-0.04653467610478401,0.48602545261383057,0.4665217995643616,-0.08281847834587097,0.5926082730293274,0.4555501341819763,-0.09336322546005249,0.6669697165489197,0.4885619282722473,-0.09247581660747528,O
0.5502665042877197,0.946625828742981,6.472300810855813e-07,0.6747150421142578,0.8287352323532104,0.008917117491364479,0.7443618774414062,0.7094950079917908,0.001948943710885942,0.7933846712112427,0.6112979054450989,-0.024692509323358536,0.7824324369430542,0.5048880577087402,-0.04700784012675285,0.5047985315322876,0.5722435712814331,0.08847899734973907,0.5417956113815308,0.41714251041412354,0.04459168761968613,0.6568896770477295,0.4169147312641144,-0.007728686090558767,0.7350998520851135,0.45557236671447754,-0.0371190682053566,0.46164149045944214,0.5754222273826599,0.0535430870950222,0.5205144882202148,0.3960687518119812,0.0009257379570044577,0.6605899930000305,0.4046361446380615,-0.05622442811727524,0.7476821541786194,0.46150487661361694,-0.08540313690900803,0.4307187795639038,0.5819588899612427,0.009281252510845661,0.4981490969657898,0.4025075435638428,-0.03644825145602226,0.640600860118866,0.40498295426368713,-0.06740880012512207,0.7255753874778748,0.4591200649738312,-0.07683143019676208,0.41896045207977295,0.5983678102493286,-0.03698541596531868,0.49785059690475464,0.45249125361442566,-0.06917750090360641,0.606786847114563,0.4392699897289276,-0.07920405268669128,0.6809441447257996,0.4722292423248291,-0.07849764823913574,O
0.5502931475639343,0.9430780410766602,7.62409285925969e-07,0.672295331954956,0.8178432583808899,0.00550873065367341,0.7427149415016174,0.7006983160972595,-0.005349976476281881,0.7893950343132019,0.603402316570282,-0.03448837623000145,0.7845292687416077,0.4956124424934387,-0.05899299681186676,0.506477415561676,0.5668115615844727,0.07751565426588058,0.5531104803085327,0.4127029776573181,0.027821702882647514,0.6699164509773254,0.41313010454177856,-0.02808174304664135,0.7481305003166199,0.4517298936843872,-0.05922561138868332,0.4629228115081787,0.5703786611557007,0.04290004074573517,0.5299230813980103,0.3877878487110138,-0.0137665756046772,0.6671221852302551,0.395984947681427,-0.07149871438741684,0.7500135898590088,0.4547664523124695,-0.10165905952453613,0.4313797652721405,0.5779860019683838,-0.001031199935823679,0.5007549524307251,0.3923034965991974,-0.04793110862374306,0.6418483257293701,0.396045446395874,-0.07725761830806732,0.7246037125587463,0.4527394473552704,-0.08659398555755615,0.4180053472518921,0.5954524874687195,-0.04725583642721176,0.49341365694999695,0.447807639837265,-0.07957624644041061,0.5994886159896851,0.4345535933971405,-0.08821046352386475,0.6716310977935791,0.46768051385879517,-0.08719105273485184,O
0.5589402914047241,0.9320712685585022,8.389822028220806e-07,0.680547297000885,0.8112487196922302,0.0014434314798563719,0.7486386299133301,0.6900518536567688,-0.005572961643338203,0.7938674688339233,0.5868626236915588,-0.029932277277112007,0.7802186608314514,0.4843129813671112,-0.05104595050215721,0.5240135192871094,0.5604225397109985,0.08523902297019958,0.5573928356170654,0.4148285984992981,0.04203706607222557,0.6662459373474121,0.4094441533088684,-0.011121684685349464,0.7446945309638977,0.44178667664527893,-0.04219241440296173,0.481872022151947,0.5636633634567261,0.05383886769413948,0.5257399082183838,0.3898787498474121,-0.0017813852755352855,0.6558540463447571,0.39023739099502563,-0.062229134142398834,0.7418365478515625,0.44744154810905457,-0.0937405452132225,0.44589316844940186,0.5723758935928345,0.01257074624300003,0.49011853337287903,0.3946612477302551,-0.03365334868431091,0.6274849772453308,0.3900377154350281,-0.06725473701953888,0.7173355221748352,0.44105926156044006,-0.07903719693422318,0.4228682816028595,0.5918280482292175,-0.03153592348098755,0.47805511951446533,0.4445785582065582,-0.06485481560230255,0.5806375741958618,0.4237052798271179,-0.0779956728219986,0.65912264585495,0.45138874650001526,-0.08014586567878723,O
0.5657105445861816,0.9244743585586548,8.345658670805278e-07,0.6879522204399109,0.7995792031288147,0.0004698084376286715,0.7537453770637512,0.6838001608848572,-0.010281446389853954,0.7947418689727783,0.5842281579971313,-0.03856368735432625,0.7797948718070984,0.47800523042678833,-0.06409818679094315,0.5333018898963928,0.5523953437805176,0.07460686564445496,0.5589122772216797,0.40682169795036316,0.026587463915348053,0.6711865663528442,0.40497469902038574,-0.02920784056186676,0.7513307332992554,0.4373451769351959,-0.06204826757311821,0.4920364320278168,0.5588163733482361,0.0411420576274395,0.5268355011940002,0.38470911979675293,-0.016594812273979187,0.6587767601013184,0.3841174244880676,-0.07799047976732254,0.7431317567825317,0.4374582767486572,-0.11132742464542389,0.45362794399261475,0.5697612166404724,-0.0020041377283632755,0.48680317401885986,0.391297310590744,-0.04892713576555252,0.6250690221786499,0.38582712411880493,-0.08214375376701355,0.7138004302978516,0.43401771783828735,-0.0951126366853714,0.4263201057910919,0.5917121767997742,-0.048158444464206696,0.4739389717578888,0.4467258155345917,-0.08232171088457108,0.5749239921569824,0.4304194450378418,-0.09418902546167374,0.6487187147140503,0.46302443742752075,-0.09619687497615814,O
0.5832411050796509,0.9113162755966187,7.601647666888312e-07,0.7041265964508057,0.7939629554748535,-2.5480136173428036e-05,0.7651544809341431,0.6743824481964111,-0.008320934139192104,0.799119234085083,0.5694571733474731,-0.03418140113353729,0.776436984539032,0.4647723436355591,-0.057862844318151474,0.5450434684753418,0.5556081533432007,0.07831794768571854,0.5578499436378479,0.41090792417526245,0.033481135964393616,0.662787675857544,0.40015336871147156,-0.019655641168355942,0.7398719191551208,0.4308241009712219,-0.0505145862698555,0.5041207075119019,0.5608540773391724,0.04649483412504196,0.5204476118087769,0.38824743032455444,-0.008236999623477459,0.6470189690589905,0.37787675857543945,-0.06810913234949112,0.7315459847450256,0.4275308847427368,-0.10033941268920898,0.4643341302871704,0.5710784196853638,0.004735066555440426,0.4830639958381653,0.3930457830429077,-0.04223259538412094,0.6169816851615906,0.3801058530807495,-0.07681221514940262,0.703717052936554,0.4249081313610077,-0.09029281139373779,0.4334876537322998,0.5925576686859131,-0.03972751274704933,0.4714944660663605,0.4434426426887512,-0.07652156054973602,0.5711891055107117,0.42138418555259705,-0.09134506434202194,0.6457045078277588,0.45035260915756226,-0.09498319029808044,O
0.5933910608291626,0.9097145795822144,7.72905082158104e-07,0.7049976587295532,0.7914506196975708,0.0015106949722394347,0.7652617692947388,0.6692666411399841,-0.002363027073442936,0.8005925416946411,0.5637331604957581,-0.023125838488340378,0.7738084197044373,0.46630924940109253,-0.04256478697061539,0.5500853657722473,0.5558822154998779,0.0843583345413208,0.5693417191505432,0.42323535680770874,0.046329423785209656,0.6663479804992676,0.40455326437950134,-0.003580240998417139,0.7403150796890259,0.424898624420166,-0.0337800569832325,0.5069370269775391,0.5580770969390869,0.052543945610523224,0.5206968188285828,0.3926432728767395,0.003604033961892128,0.6383906602859497,0.37397128343582153,-0.053762294352054596,0.7248463034629822,0.41909435391426086,-0.08537378907203674,0.4654553234577179,0.568545937538147,0.01087452657520771,0.4762125611305237,0.3964594900608063,-0.03232242539525032,0.6008158922195435,0.37563270330429077,-0.06638673692941666,0.6902025938034058,0.4143398106098175,-0.08055008202791214,0.43336570262908936,0.5914387702941895,-0.03359328582882881,0.4590093493461609,0.44206303358078003,-0.06744589656591415,0.5510034561157227,0.4119774103164673,-0.08159077167510986,0.6283440589904785,0.43308842182159424,-0.08571798354387283,O
0.6039870381355286,0.9075148701667786,6.982740501371154e-07,0.7195103764533997,0.7839882373809814,0.004368707071989775,0.7760778069496155,0.6612143516540527,0.0004413872957229614,0.8098260164260864,0.5569202899932861,-0.02245488204061985,0.7799775004386902,0.45901498198509216,-0.0432719886302948,0.5559322834014893,0.5514319539070129,0.09054308384656906,0.5624685287475586,0.40933871269226074,0.0496063157916069,0.6621675491333008,0.38993144035339355,-0.0022779940627515316,0.7377188205718994,0.41154414415359497,-0.032899703830480576,0.5138610601425171,0.5568813681602478,0.05640389025211334,0.5195631384849548,0.3861672282218933,0.0037502339109778404,0.6406848430633545,0.36598271131515503,-0.057084161788225174,0.7281063795089722,0.4090535044670105,-0.08970575034618378,0.4708244204521179,0.5669309496879578,0.012128433212637901,0.4819888174533844,0.391640841960907,-0.033654097467660904,0.6106759309768677,0.36889809370040894,-0.0700981467962265,0.699988842010498,0.4071761965751648,-0.08437533676624298,0.43713539838790894,0.5868668556213379,-0.03472406789660454,0.46966174244880676,0.43840211629867554,-0.07057705521583557,0.5647934079170227,0.40896233916282654,-0.08630270510911942,0.6416255235671997,0.43053099513053894,-0.09036224335432053,O
0.6124765872955322,0.8890036940574646,8.010514989109652e-07,0.7259795069694519,0.7677258253097534,-0.0012242026859894395,0.7798644304275513,0.6490482091903687,-0.009187854826450348,0.8043096661567688,0.5474568605422974,-0.033862609416246414,0.7773260474205017,0.44616812467575073,-0.056029997766017914,0.5515122413635254,0.5444332361221313,0.07793273031711578,0.5619624853134155,0.4064982533454895,0.035741258412599564,0.6634262800216675,0.3855641484260559,-0.015056190080940723,0.7399930357933044,0.4050309658050537,-0.044340748339891434,0.5090560913085938,0.550189733505249,0.04835932329297066,0.5224893093109131,0.3827081024646759,-0.005561272148042917,0.6452571153640747,0.3613213300704956,-0.0644284188747406,0.734420120716095,0.402418315410614,-0.09527907520532608,0.46977129578590393,0.5614730715751648,0.009059065952897072,0.48687779903411865,0.39025282859802246,-0.03688213974237442,0.6164053678512573,0.3635670840740204,-0.07225139439105988,0.7074040770530701,0.3975052237510681,-0.08549652248620987,0.44291868805885315,0.5834032893180847,-0.032678209245204926,0.4787661135196686,0.4340938329696655,-0.06684035807847977,0.5757315158843994,0.39915019273757935,-0.0810944139957428,0.6547941565513611,0.415667861700058,-0.08392991870641708,O
0.41769349575042725,0.8144769668579102,1.0857936558750225e-06,0.5910413265228271,0.7367045879364014,0.008452867157757282,0.6948844790458679,0.6471888422966003,-0.0006891375523991883,0.7685933113098145,0.5612767338752747,-0.031524408608675,0.7974640130996704,0.44752195477485657,-0.05805223062634468,0.49120819568634033,0.4337129592895508,0.10520265251398087,0.5740652680397034,0.291499525308609,0.05940313637256622,0.6909344792366028,0.3205944895744324,0.00328997615724802,0.7601170539855957,0.38298460841178894,-0.028729289770126343,0.4478141963481903,0.4245797395706177,0.06588911265134811,0.5577183961868286,0.26086392998695374,0.008315888233482838,0.6953870058059692,0.3017301857471466,-0.0544072687625885,0.7666352391242981,0.38630372285842896,-0.08657999336719513,0.41609352827072144,0.42070284485816956,0.015131724067032337,0.5320414900779724,0.26333245635032654,-0.030820060521364212,0.6778062582015991,0.30025514960289,-0.06413914263248444,0.7541717290878296,0.37852925062179565,-0.07556299865245819,0.39803993701934814,0.4327855706214905,-0.038878608494997025,0.5108023881912231,0.31007814407348633,-0.06976097822189331,0.6251156330108643,0.32342150807380676,-0.08077097684144974,0.6948518753051758,0.3774862587451935,-0.0814252644777298,O
0.6232942342758179,0.896748960018158,7.1330958917315e-07,0.7285057306289673,0.7683299779891968,0.005472552962601185,0.7743942141532898,0.6458807587623596,-0.0011151882354170084,0.8005870580673218,0.5457097291946411,-0.026802947744727135,0.7813953757286072,0.4417593479156494,-0.04867295175790787,0.5381576418876648,0.5442230105400085,0.0902157872915268,0.5469616651535034,0.39618873596191406,0.04598275199532509,0.6509235501289368,0.3780610263347626,-0.006125942803919315,0.7294426560401917,0.4038059711456299,-0.03511398658156395,0.501213550567627,0.5498433113098145,0.056633226573467255,0.5205997824668884,0.3736514449119568,0.003974948078393936,0.6499420404434204,0.3547564148902893,-0.05334197357296944,0.7420904636383057,0.4003850221633911,-0.0826052725315094,0.46667903661727905,0.5591849088668823,0.012671545147895813,0.4978446662425995,0.3799934387207031,-0.03346468135714531,0.6320124864578247,0.35955721139907837,-0.06507858633995056,0.7229610681533813,0.40151113271713257,-0.07458733767271042,0.44558095932006836,0.5784921646118164,-0.03358231112360954,0.4960092604160309,0.4297213554382324,-0.06768371164798737,0.5990254878997803,0.3972342312335968,-0.08004650473594666,0.6780401468276978,0.41651201248168945,-0.08047081530094147,O
0.4423339366912842,0.8324970006942749,9.214394935952441e-07,0.6056814789772034,0.7531114816665649,-0.0032211849465966225,0.7150084376335144,0.6572604179382324,-0.016538845375180244,0.7872222661972046,0.5697050094604492,-0.04789189249277115,0.805692195892334,0.45933032035827637,-0.07467509061098099,0.5206420421600342,0.4365619122982025,0.0810156986117363,0.6121621131896973,0.30083730816841125,0.030421026051044464,0.7244960069656372,0.33569425344467163,-0.027449162676930428,0.7904362678527832,0.39730989933013916,-0.060938458889722824,0.47420600056648254,0.42805251479148865,0.0472688227891922,0.5899344086647034,0.2665250897407532,-0.014330977573990822,0.7269984483718872,0.3090446889400482,-0.07775328308343887,0.7978013157844543,0.3949068784713745,-0.11128438264131546,0.4348531663417816,0.42582619190216064,0.002457443857565522,0.5584317445755005,0.27224868535995483,-0.05165919288992882,0.7029075026512146,0.31441473960876465,-0.08792945742607117,0.7775599956512451,0.3955337703227997,-0.1004832535982132,0.40639859437942505,0.43894487619400024,-0.04553430154919624,0.5284608602523804,0.32214391231536865,-0.08553805947303772,0.6440876722335815,0.337657630443573,-0.10098613053560257,0.7141769528388977,0.38976559042930603,-0.10408149659633636,O
0.4670605957508087,0.824296236038208,1.0193394928137423e-06,0.6160702109336853,0.7586843371391296,-0.011134820058941841,0.7243974208831787,0.6677385568618774,-0.02821505069732666,0.801979124546051,0.581165075302124,-0.059679679572582245,0.8223717212677002,0.46980488300323486,-0.08553910255432129,0.5247325301170349,0.45604538917541504,0.06722494214773178,0.615830659866333,0.3119601309299469,0.01958293654024601,0.7335669994354248,0.34722596406936646,-0.033866479992866516,0.8018463850021362,0.4113067388534546,-0.06380801647901535,0.47961506247520447,0.4463967978954315,0.04057083651423454,0.5980905294418335,0.2755120098590851,-0.015805063769221306,0.740057647228241,0.31891897320747375,-0.07314803451299667,0.8139308094978333,0.4029507339000702,-0.10283113270998001,0.4433867335319519,0.4428557753562927,0.003283656667917967,0.5737751126289368,0.28618550300598145,-0.04709237441420555,0.7194517254829407,0.32898229360580444,-0.0772572010755539,0.7914748787879944,0.4074687659740448,-0.08604826033115387,0.4198504388332367,0.4531876742839813,-0.03736808896064758,0.5446808934211731,0.33524227142333984,-0.07484558969736099,0.657486081123352,0.35067152976989746,-0.0861348956823349,0.7205699682235718,0.3988784849643707,-0.08621761947870255,O
0.4709094166755676,0.844008207321167,1.0371235248385346e-06,0.6243972182273865,0.7683719396591187,0.0007233032374642789,0.7359963655471802,0.6730737686157227,-0.011505376547574997,0.8133566379547119,0.5878165364265442,-0.04096949100494385,0.8319589495658875,0.47907882928848267,-0.06557407975196838,0.5253700017929077,0.4615710377693176,0.08141540735960007,0.6200878024101257,0.3243520259857178,0.0368926003575325,0.7374637126922607,0.3558645248413086,-0.015313169918954372,0.8076561689376831,0.4155592620372772,-0.04487653449177742,0.4805891811847687,0.45315805077552795,0.04812225326895714,0.6053829789161682,0.29120123386383057,-0.004742083605378866,0.7460330128669739,0.33257347345352173,-0.05981174856424332,0.8180421590805054,0.41648566722869873,-0.08772825449705124,0.4484747648239136,0.4515145421028137,0.004793402273207903,0.5809131264686584,0.29957354068756104,-0.0401521734893322,0.7250356674194336,0.3394221365451813,-0.06659454107284546,0.7961267232894897,0.4172918498516083,-0.07332517951726913,0.43081748485565186,0.46452444791793823,-0.041671182960271835,0.5536041259765625,0.3446391522884369,-0.0737113431096077,0.6653575897216797,0.3588936924934387,-0.08105414360761642,0.7287929058074951,0.4080237150192261,-0.07856032997369766,O
0.46563592553138733,0.8566321134567261,1.0992197303494322e-06,0.6356923580169678,0.775277853012085,0.00679275905713439,0.7425845861434937,0.6858285665512085,-0.004852688871324062,0.8192142844200134,0.6033692359924316,-0.0354699045419693,0.8405435085296631,0.4949347972869873,-0.06094629317522049,0.521746039390564,0.46788454055786133,0.08360093832015991,0.6267672777175903,0.3359580338001251,0.0334024652838707,0.7469836473464966,0.36956655979156494,-0.022972363978624344,0.8177295923233032,0.4311431646347046,-0.05487978085875511,0.4761826992034912,0.45724016427993774,0.046137262135744095,0.6144264340400696,0.2997702360153198,-0.014005453325808048,0.7576002478599548,0.34396129846572876,-0.07279432564973831,0.8308078646659851,0.43001022934913635,-0.10271237790584564,0.4480005204677582,0.4556582272052765,-0.0011137118563055992,0.5937239527702332,0.30951645970344543,-0.05162850767374039,0.7385463714599609,0.353189080953598,-0.0810626745223999,0.810628354549408,0.4331217110157013,-0.08921404927968979,0.4373621940612793,0.4698759615421295,-0.05092319846153259,0.567405104637146,0.3577783703804016,-0.08648326247930527,0.6817410588264465,0.37281328439712524,-0.09692741930484772,0.7506287097930908,0.42066460847854614,-0.09628138691186905,O
