0.37532591819763184,0.8987959027290344,2.287757183694339e-08,0.5651828050613403,0.8672314882278442,-0.0927451029419899,0.7440855503082275,0.7898458242416382,-0.14163842797279358,0.8707543611526489,0.6642759442329407,-0.1878816932439804,0.9332209825515747,0.5412240624427795,-0.22522784769535065,0.6353126764297485,0.5297912955284119,-0.004290162120014429,0.6444671154022217,0.3792204260826111,-0.06605138629674911,0.6335866451263428,0.3327779173851013,-0.0959751233458519,0.6127582788467407,0.33775970339775085,-0.10481094568967819,0.5210572481155396,0.5138780474662781,0.009059254080057144,0.5416884422302246,0.39215612411499023,-0.054239023476839066,0.5206723213195801,0.5366466641426086,-0.0533052459359169,0.5294696688652039,0.5780152082443237,-0.028848711401224136,0.41032588481903076,0.5223791003227234,0.0027919744607061148,0.4294640123844147,0.4309685230255127,-0.0739198550581932,0.42146366834640503,0.5611293315887451,-0.03506924584507942,0.42385056614875793,0.5882277488708496,0.013954865746200085,0.28984546661376953,0.5479090213775635,-0.01327485404908657,0.3134985864162445,0.4737313985824585,-0.059006016701459885,0.3232044577598572,0.5693114995956421,-0.02332637831568718,0.3247638940811157,0.6016988158226013,0.01732410117983818,T
0.42095860838890076,0.9058109521865845,2.5995421992774936e-07,0.5943116545677185,0.8990795612335205,-0.07360269874334335,0.7879332304000854,0.8197472095489502,-0.10842321813106537,0.9135555028915405,0.7145431041717529,-0.13931067287921906,0.9653769135475159,0.6101954579353333,-0.16553892195224762,0.6802137494087219,0.5588693618774414,-0.006962520070374012,0.6924746632575989,0.432823121547699,-0.0456438809633255,0.7337005734443665,0.3808731436729431,-0.05881328135728836,0.7634810209274292,0.3591046929359436,-0.06405873596668243,0.582161009311676,0.5357863903045654,-0.0035903926473110914,0.6545351147651672,0.41654372215270996,-0.057588279247283936,0.6226418018341064,0.5669108033180237,-0.052376240491867065,0.599593460559845,0.6111830472946167,-0.02616775780916214,0.4849835932254791,0.537250280380249,-0.014024771749973297,0.5473837852478027,0.4420652985572815,-0.09807398170232773,0.5311157703399658,0.5910479426383972,-0.06385858356952667,0.49836915731430054,0.6195738911628723,-0.015681112185120583,0.3675268292427063,0.5548269152641296,-0.029350563883781433,0.43486160039901733,0.4812719523906708,-0.08867370337247849,0.43680059909820557,0.585323691368103,-0.058595236390829086,0.4047313332557678,0.6093624830245972,-0.02144516073167324,T
0.42756181955337524,0.9116883277893066,3.8724107298548915e-07,0.5986902713775635,0.8972004652023315,-0.07948494702577591,0.7883542776107788,0.816830039024353,-0.11702287197113037,0.9107341766357422,0.7153126001358032,-0.1499398648738861,0.953115701675415,0.6053441166877747,-0.17901061475276947,0.6772499084472656,0.5610467791557312,-0.0064218067564070225,0.6893934011459351,0.4435681402683258,-0.042508095502853394,0.7317335605621338,0.3881046772003174,-0.0573418103158474,0.7654991149902344,0.3594798743724823,-0.06499502807855606,0.5806118249893188,0.5371052622795105,1.0369241863372736e-05,0.6505165696144104,0.41520193219184875,-0.052830688655376434,0.6186891198158264,0.5624675154685974,-0.050263188779354095,0.5951082110404968,0.6099774241447449,-0.025616206228733063,0.48271632194519043,0.5373061895370483,-0.007567847613245249,0.5451066493988037,0.4405826926231384,-0.08830288797616959,0.5302795767784119,0.5831895470619202,-0.05602132901549339,0.4975166916847229,0.6146448254585266,-0.00934788677841425,0.36453884840011597,0.5537550449371338,-0.020759442821145058,0.43270134925842285,0.4791615307331085,-0.07795283198356628,0.43646883964538574,0.5795764923095703,-0.04826965555548668,0.4052877724170685,0.60646653175354,-0.011451302096247673,T
0.41793927550315857,0.90717613697052,3.7625574123012484e-07,0.5859735012054443,0.9030364751815796,-0.08197098225355148,0.7835952639579773,0.8189972639083862,-0.11773703992366791,0.9146283268928528,0.7177805304527283,-0.14648029208183289,0.968177080154419,0.6090118885040283,-0.17045778036117554,0.6766156554222107,0.5606189966201782,-0.020297329872846603,0.6887130737304688,0.43735334277153015,-0.056405264884233475,0.729275107383728,0.3853980302810669,-0.06830261647701263,0.7596357464790344,0.3628263473510742,-0.07336945086717606,0.5777349472045898,0.5362005829811096,-0.012036648578941822,0.6479638814926147,0.41788342595100403,-0.059425100684165955,0.6178411245346069,0.566066563129425,-0.05001169443130493,0.5970251560211182,0.6143966913223267,-0.023102961480617523,0.47846096754074097,0.5369498133659363,-0.018121669068932533,0.5393553376197815,0.4450926184654236,-0.09452487528324127,0.5232803821563721,0.5911229848861694,-0.05988123267889023,0.49281948804855347,0.6203300356864929,-0.014044870622456074,0.361068993806839,0.5540750026702881,-0.030122878029942513,0.4273916184902191,0.48235368728637695,-0.0852464810013771,0.42872339487075806,0.5838325023651123,-0.0561283715069294,0.3979123532772064,0.6078704595565796,-0.021345224231481552,T
0.42254966497421265,0.9067234396934509,3.639871692939778e-07,0.5966075658798218,0.8956540822982788,-0.08451177179813385,0.7914852499961853,0.8119972944259644,-0.12066240608692169,0.9135357141494751,0.7053888440132141,-0.14984183013439178,0.9613835215568542,0.598011314868927,-0.17408600449562073,0.6718570590019226,0.5593343377113342,-0.01611964777112007,0.6854287385940552,0.44386520981788635,-0.05749733746051788,0.7218577265739441,0.38723036646842957,-0.07449864596128464,0.7514528036117554,0.36155712604522705,-0.08210806548595428,0.5727145075798035,0.5360051989555359,-0.006619692780077457,0.6372634768486023,0.41623610258102417,-0.061988238245248795,0.6076345443725586,0.5659320950508118,-0.058156464248895645,0.5887062549591064,0.6182990670204163,-0.031965889036655426,0.474854975938797,0.5367254614830017,-0.01212991401553154,0.5307285785675049,0.44276148080825806,-0.09352455288171768,0.5159363746643066,0.587679386138916,-0.060596127063035965,0.48720794916152954,0.620866060256958,-0.013469461351633072,0.3581770360469818,0.5555408596992493,-0.023910801857709885,0.41891878843307495,0.4858422875404358,-0.08072078227996826,0.4211922287940979,0.586703896522522,-0.051897939294576645,0.3928815424442291,0.6138554811477661,-0.015836575999855995,T
0.4079415798187256,0.9057807326316833,3.192590156686492e-07,0.5839994549751282,0.8993554711341858,-0.07979067414999008,0.7812352180480957,0.8146092295646667,-0.11448575556278229,0.9078792929649353,0.7040811777114868,-0.14347317814826965,0.9562735557556152,0.593352198600769,-0.16880391538143158,0.6664553880691528,0.563219428062439,-0.007605464663356543,0.6774274110794067,0.4479879140853882,-0.04168301075696945,0.7138736248016357,0.3885090947151184,-0.05625437572598457,0.742932140827179,0.35533857345581055,-0.06480617076158524,0.5665708780288696,0.5398093461990356,0.000370437657693401,0.629945695400238,0.41637352108955383,-0.05356496199965477,0.6018993258476257,0.5630732178688049,-0.05294804275035858,0.5841366052627563,0.6156420707702637,-0.029519857838749886,0.46837544441223145,0.5403751730918884,-0.005141814239323139,0.5202826261520386,0.44258439540863037,-0.08577557653188705,0.5081862807273865,0.5856248736381531,-0.0550067201256752,0.48165249824523926,0.6220029592514038,-0.009421457536518574,0.35241514444351196,0.5573387145996094,-0.01621108688414097,0.4111194610595703,0.48027265071868896,-0.07333954423666,0.4139646291732788,0.5818248391151428,-0.04539191350340843,0.38863494992256165,0.6130102872848511,-0.010013144463300705,T
0.41180944442749023,0.9024390578269958,2.8346127578515734e-07,0.5828391909599304,0.8965405225753784,-0.07753074914216995,0.7774275541305542,0.8116433024406433,-0.11188703030347824,0.906341016292572,0.701545774936676,-0.14068813621997833,0.9576510787010193,0.5896515846252441,-0.16611917316913605,0.6663144826889038,0.558757483959198,-0.011766945943236351,0.6757954359054565,0.4345461428165436,-0.04253536835312843,0.7079283595085144,0.3820885419845581,-0.052372608333826065,0.7325753569602966,0.35990291833877563,-0.0569225437939167,0.5641307830810547,0.5357905030250549,-0.004172807559370995,0.6296691298484802,0.4167468249797821,-0.04691144451498985,0.5967935919761658,0.5638115406036377,-0.037752509117126465,0.5770257711410522,0.6128349900245667,-0.011777841486036777,0.462880402803421,0.5388489365577698,-0.010154780000448227,0.5178269743919373,0.4421650767326355,-0.08133134990930557,0.5025132298469543,0.5852913856506348,-0.046681344509124756,0.47486186027526855,0.6172356009483337,-0.002295470330864191,0.343497097492218,0.5570996999740601,-0.021651826798915863,0.40270960330963135,0.47929900884628296,-0.07122206687927246,0.4061242938041687,0.5790207386016846,-0.04065156355500221,0.3805857300758362,0.6057487726211548,-0.006140936631709337,T
0.40249234437942505,0.9136890172958374,3.167095314893231e-07,0.5857200622558594,0.889456033706665,-0.07280795276165009,0.7703125476837158,0.8047425150871277,-0.10744241625070572,0.8958300352096558,0.6959826946258545,-0.1394660323858261,0.956229567527771,0.585623025894165,-0.1673901230096817,0.656010091304779,0.5569937229156494,0.007478851359337568,0.669295608997345,0.4417926073074341,-0.02743437886238098,0.698871374130249,0.3832603693008423,-0.043753109872341156,0.7189607620239258,0.35210901498794556,-0.05280369147658348,0.5557527542114258,0.5353663563728333,0.010910232551395893,0.617914080619812,0.4141274690628052,-0.03764331340789795,0.5896240472793579,0.5581473112106323,-0.03633793815970421,0.5735158920288086,0.6001274585723877,-0.013989717699587345,0.455108642578125,0.5378877520561218,0.000109550790512003,0.5104461312294006,0.44356364011764526,-0.07591978460550308,0.4978916645050049,0.5802025198936462,-0.0446062870323658,0.47156262397766113,0.60313481092453,-0.0005017331568524241,0.3367406129837036,0.5570152997970581,-0.01630404219031334,0.39535102248191833,0.48587602376937866,-0.06907173246145248,0.4019226133823395,0.5835790038108826,-0.038459908217191696,0.3763386905193329,0.6051124334335327,-0.0021003701258450747,T
0.39514094591140747,0.9111566543579102,2.5529692493364564e-07,0.5770872831344604,0.8889778852462769,-0.07621394097805023,0.7637141942977905,0.8061290383338928,-0.11231161653995514,0.8899542689323425,0.6948564648628235,-0.14607679843902588,0.9490588307380676,0.5857929587364197,-0.17488892376422882,0.6535446643829346,0.5553890466690063,0.011179346591234207,0.664193868637085,0.43439891934394836,-0.025549983605742455,0.6886911988258362,0.37952470779418945,-0.04097688943147659,0.7072488069534302,0.3556898236274719,-0.04736217111349106,0.5531192421913147,0.5331887602806091,0.017366860061883926,0.6103388667106628,0.4107546806335449,-0.03317709639668465,0.5811273455619812,0.5546389818191528,-0.03110625594854355,0.5683044791221619,0.5966329574584961,-0.006351662799715996,0.4522801637649536,0.5344898104667664,0.008342912420630455,0.5031047463417053,0.4384281039237976,-0.06758161634206772,0.4887236952781677,0.5756261944770813,-0.03372844681143761,0.4657439589500427,0.602820873260498,0.013370114378631115,0.33256831765174866,0.5526324510574341,-0.006888008676469326,0.38824307918548584,0.4791465997695923,-0.0575106106698513,0.393817663192749,0.5791228413581848,-0.024824857711791992,0.3722662925720215,0.6065994501113892,0.014050605706870556,T
0.38946449756622314,0.9012546539306641,2.928083233655343e-07,0.5727695822715759,0.8852170705795288,-0.07742859423160553,0.7556102275848389,0.7988681793212891,-0.11411181092262268,0.8873406648635864,0.6874469518661499,-0.14782628417015076,0.9528348445892334,0.5762229561805725,-0.1765303909778595,0.6511282920837402,0.5482346415519714,0.009120389819145203,0.6614331603050232,0.4241263270378113,-0.02727479673922062,0.6870672702789307,0.36906498670578003,-0.04369373992085457,0.6986846327781677,0.3478933870792389,-0.05106065794825554,0.54841548204422,0.5252148509025574,0.01570146344602108,0.606707751750946,0.4055238962173462,-0.03247129172086716,0.5759525895118713,0.5486164689064026,-0.029542187228798866,0.5629280805587769,0.5911678075790405,-0.005650716833770275,0.44559401273727417,0.528624415397644,0.006753142457455397,0.4975866377353668,0.43570566177368164,-0.06845343858003616,0.48361149430274963,0.5721650123596191,-0.036909397691488266,0.4632840156555176,0.5944544076919556,0.007185935974121094,0.32732832431793213,0.5471473336219788,-0.008239109069108963,0.3829297423362732,0.4753572642803192,-0.059405792504549026,0.38762983679771423,0.573323667049408,-0.02930207923054695,0.3683841824531555,0.5950090289115906,0.006524291820824146,T
0.3898109495639801,0.894457995891571,1.8919153887964058e-07,0.5690698027610779,0.8795852661132812,-0.081556037068367,0.7521494030952454,0.8008168935775757,-0.11799886077642441,0.8773197531700134,0.6896312236785889,-0.14911599457263947,0.9480807781219482,0.5763697028160095,-0.1742817908525467,0.651824951171875,0.5406851172447205,-0.005418695975095034,0.659019410610199,0.41740882396698,-0.04369669035077095,0.6843975186347961,0.36417660117149353,-0.05698026344180107,0.7005513310432434,0.3358236849308014,-0.06278370320796967,0.5482199192047119,0.5196349024772644,0.001709136413410306,0.6044639348983765,0.40013065934181213,-0.050438545644283295,0.5746520757675171,0.5510873794555664,-0.04317474365234375,0.5595677495002747,0.5936742424964905,-0.016190890222787857,0.44395363330841064,0.5227676033973694,-0.006960941478610039,0.490786612033844,0.43386411666870117,-0.09164945036172867,0.4765418767929077,0.5825608372688293,-0.0590551495552063,0.45483872294425964,0.6039737462997437,-0.012181398458778858,0.3241601288318634,0.5398918986320496,-0.021254567429423332,0.37698689103126526,0.46896636486053467,-0.0800514742732048,0.3804953694343567,0.5723162293434143,-0.051833562552928925,0.3564736843109131,0.591151237487793,-0.016576308757066727,T
0.3917686939239502,0.9074709415435791,-3.609752141642275e-08,0.5756357908248901,0.8770719766616821,-0.09525979310274124,0.7527897357940674,0.7963005304336548,-0.14572618901729584,0.8830083608627319,0.6726542711257935,-0.19291548430919647,0.9437720775604248,0.5532883405685425,-0.22916215658187866,0.6502620577812195,0.5312107801437378,-0.01267070323228836,0.6601614952087402,0.3793976306915283,-0.08128384500741959,0.6527546644210815,0.34701600670814514,-0.10833638906478882,0.6402867436408997,0.3531707525253296,-0.11281084269285202,0.5388219356536865,0.5162405371665955,0.0011323962826281786,0.5628286600112915,0.3960753083229065,-0.0663074180483818,0.540880560874939,0.5507994294166565,-0.05806826427578926,0.5515268445014954,0.5818880200386047,-0.02697327919304371,0.4290953278541565,0.5244864821434021,-0.005872050300240517,0.4519578218460083,0.4344584345817566,-0.08847197890281677,0.44332990050315857,0.5744471549987793,-0.04408106580376625,0.44666042923927307,0.5950804948806763,0.010463102720677853,0.3095688223838806,0.5483921766281128,-0.02269131876528263,0.3381367623806,0.4788603186607361,-0.0698266550898552,0.34899288415908813,0.5783668756484985,-0.031607214361429214,0.34881332516670227,0.6085885167121887,0.011632416397333145,T
0.3838736414909363,0.9002676010131836,1.4675919146611704e-07,0.5622158646583557,0.8791528940200806,-0.09177674353122711,0.7447781562805176,0.7974569201469421,-0.13551944494247437,0.874492883682251,0.6831190586090088,-0.17249901592731476,0.9433586597442627,0.5729687809944153,-0.2001197189092636,0.6461419463157654,0.5363381505012512,-0.013485598377883434,0.6542319655418396,0.4072553217411041,-0.06485508382320404,0.6697676181793213,0.35668137669563293,-0.08254986256361008,0.6752527356147766,0.33433282375335693,-0.08721541613340378,0.5406801104545593,0.5143683552742004,-0.0018768218578770757,0.5907529592514038,0.39856743812561035,-0.05994691327214241,0.5577666759490967,0.5554261207580566,-0.049469802528619766,0.549052357673645,0.5877062082290649,-0.01845024712383747,0.4362618029117584,0.5164729952812195,-0.008418251760303974,0.47790271043777466,0.426908940076828,-0.09343258291482925,0.46431493759155273,0.5752050280570984,-0.05353467911481857,0.44990336894989014,0.5896451473236084,-0.0018456755205988884,0.3165629804134369,0.53480464220047,-0.022493962198495865,0.3610491454601288,0.4658375680446625,-0.07765205949544907,0.36860013008117676,0.5707475543022156,-0.04361902177333832,0.35201317071914673,0.591289222240448,-0.0037160811480134726,T
0.3845577538013458,0.881470799446106,1.3084081729175523e-07,0.5658236145973206,0.8674947023391724,-0.08319546282291412,0.7463501691818237,0.7915847897529602,-0.12613710761070251,0.8702848553657532,0.6744818687438965,-0.16540668904781342,0.9417499899864197,0.5639854669570923,-0.19788341224193573,0.6468826532363892,0.5323336720466614,-0.0061320289969444275,0.661923348903656,0.40241220593452454,-0.0551929697394371,0.6725976467132568,0.3508334755897522,-0.07567446678876877,0.6685779094696045,0.3400654196739197,-0.08263538777828217,0.5387715101242065,0.5106369853019714,0.0019179934170097113,0.5882334113121033,0.38611900806427,-0.05704246461391449,0.5591208338737488,0.5350721478462219,-0.053330086171627045,0.549602210521698,0.5798273682594299,-0.026997150853276253,0.4330991804599762,0.5135987401008606,-0.006367810536175966,0.47241997718811035,0.421475350856781,-0.08883040398359299,0.46041062474250793,0.5623639225959778,-0.05269179120659828,0.4440072178840637,0.5884362459182739,-0.0036898027174174786,0.31334906816482544,0.532187283039093,-0.02151069976389408,0.3581119775772095,0.4613262414932251,-0.0751350149512291,0.36526983976364136,0.5614402890205383,-0.04266702011227608,0.34927427768707275,0.5855331420898438,-0.004114103503525257,T
0.3763969838619232,0.8880276679992676,1.8165037474204837e-08,0.5680743455886841,0.8593846559524536,-0.09094371646642685,0.7423094511032104,0.7961625456809998,-0.13237473368644714,0.8711440563201904,0.6802397966384888,-0.16910012066364288,0.9385503530502319,0.5657066702842712,-0.19426971673965454,0.6491557359695435,0.5295296311378479,0.005830467212945223,0.6739033460617065,0.39460474252700806,-0.051766276359558105,0.6744402050971985,0.3540240526199341,-0.07239890098571777,0.6649181842803955,0.34914982318878174,-0.07402334362268448,0.5423337817192078,0.504433274269104,0.020859500393271446,0.5812579989433289,0.3880932331085205,-0.040041204541921616,0.5481768250465393,0.5419124960899353,-0.029711226001381874,0.5496783256530762,0.5771129131317139,0.0034348461776971817,0.43518078327178955,0.5056290030479431,0.015240767039358616,0.4725268483161926,0.41489410400390625,-0.0662698820233345,0.4508291482925415,0.5613230466842651,-0.02264276146888733,0.4443577527999878,0.5795497894287109,0.03300649672746658,0.3126101493835449,0.5246936678886414,0.0008735564188100398,0.3526895344257355,0.45522817969322205,-0.04684261977672577,0.356253445148468,0.5586210489273071,-0.009438649751245975,0.3482903838157654,0.584584653377533,0.03385557979345322,T
0.3839462995529175,0.8794271945953369,4.227912597798422e-08,0.570561408996582,0.8559137582778931,-0.0906774178147316,0.7449224591255188,0.7910730242729187,-0.1413942575454712,0.8690061569213867,0.6780069470405579,-0.1906466782093048,0.9386760592460632,0.5637403130531311,-0.23104526102542877,0.6537126302719116,0.5198158621788025,-0.007117485161870718,0.6730846166610718,0.37158799171447754,-0.07241670042276382,0.6697055101394653,0.3301759362220764,-0.0983206182718277,0.6588065028190613,0.3389933407306671,-0.1029139906167984,0.5441679954528809,0.49875515699386597,0.003989583346992731,0.5800175666809082,0.3858063220977783,-0.06785109639167786,0.5490558743476868,0.5372209548950195,-0.06306286156177521,0.5471515655517578,0.5749203562736511,-0.032621998339891434,0.4335375130176544,0.5003917813301086,-0.004794246982783079,0.4646618366241455,0.4131722152233124,-0.09454081952571869,0.4454696476459503,0.5561223030090332,-0.05318712070584297,0.43715807795524597,0.5816723108291626,0.001832151087000966,0.30765536427497864,0.5172274112701416,-0.0222140122205019,0.3442884087562561,0.4500132203102112,-0.078916035592556,0.349922239780426,0.5556976795196533,-0.04340729862451553,0.3435625433921814,0.5885463356971741,0.0002519594563636929,T
0.36645257472991943,0.885907769203186,-1.0950574846901873e-07,0.5561894774436951,0.863398551940918,-0.0979451835155487,0.7311878800392151,0.7983348369598389,-0.14743970334529877,0.8638021945953369,0.6796501874923706,-0.19224759936332703,0.931365966796875,0.5646112561225891,-0.22473086416721344,0.6464372277259827,0.5243158936500549,-0.019859686493873596,0.6690215468406677,0.373482882976532,-0.09131486713886261,0.6623358130455017,0.3445919156074524,-0.11518101394176483,0.6455582976341248,0.3532136380672455,-0.11609131097793579,0.5342615246772766,0.5026354193687439,-0.0042301868088543415,0.565973162651062,0.38872164487838745,-0.07496348023414612,0.5325199365615845,0.5470953583717346,-0.06283527612686157,0.5378870368003845,0.5752397775650024,-0.028563598170876503,0.4243893027305603,0.5043848752975464,-0.009700835682451725,0.45177197456359863,0.41208600997924805,-0.09751942753791809,0.4312768876552582,0.5588523149490356,-0.0494769886136055,0.42984095215797424,0.5764497518539429,0.008451437577605247,0.30036506056785583,0.5232741832733154,-0.024856029078364372,0.3340848982334137,0.4517585337162018,-0.0770455002784729,0.3402658700942993,0.5574382543563843,-0.03734363988041878,0.3355519473552704,0.5902799367904663,0.008111938834190369,T
0.3600195050239563,0.8854917287826538,-1.797119324464802e-07,0.5466374754905701,0.8664537668228149,-0.1026817262172699,0.7246408462524414,0.8025631904602051,-0.1594780832529068,0.8574305772781372,0.6886696219444275,-0.21323253214359283,0.930077314376831,0.5748347043991089,-0.2537499964237213,0.6470239758491516,0.5194517970085144,-0.019269052892923355,0.6724540591239929,0.36817285418510437,-0.09613248705863953,0.6539143919944763,0.361243337392807,-0.11950214952230453,0.6377981305122375,0.3911496102809906,-0.11795802414417267,0.5314773917198181,0.4988245666027069,-0.0032300318125635386,0.5648863911628723,0.3841797113418579,-0.08055482059717178,0.5332750678062439,0.546289324760437,-0.06845469027757645,0.5397834777832031,0.5734792947769165,-0.03096473217010498,0.4179340600967407,0.4994286596775055,-0.009649395942687988,0.44710657000541687,0.41121286153793335,-0.10270698368549347,0.42683398723602295,0.5627875924110413,-0.053305577486753464,0.42555713653564453,0.5835875272750854,0.008711686357855797,0.2948899269104004,0.5154309868812561,-0.02627631649374962,0.32794344425201416,0.44653671979904175,-0.0809427946805954,0.33194029331207275,0.5559524893760681,-0.04045354202389717,0.33014699816703796,0.5903806686401367,0.008027122355997562,T
0.3592875599861145,0.8959238529205322,-2.4645677854095993e-07,0.5531711578369141,0.8706048727035522,-0.10032570362091064,0.7249120473861694,0.8130154609680176,-0.14912210404872894,0.8578040599822998,0.696221113204956,-0.19239160418510437,0.9282169342041016,0.5817278623580933,-0.21976226568222046,0.6466284394264221,0.527554988861084,-0.01598070003092289,0.6691139936447144,0.37873661518096924,-0.09288682043552399,0.6546632051467896,0.38123565912246704,-0.11790554970502853,0.6340212225914001,0.4077717959880829,-0.11700890958309174,0.5309048295021057,0.5082657337188721,0.002038785722106695,0.5625777244567871,0.39796021580696106,-0.07151176035404205,0.5298508405685425,0.5633274912834167,-0.05919254943728447,0.5374244451522827,0.586231529712677,-0.024278338998556137,0.4178990125656128,0.5113694071769714,-0.0023085433058440685,0.44714245200157166,0.421085000038147,-0.0904311016201973,0.4267159402370453,0.5726132988929749,-0.04000973328948021,0.4270887076854706,0.5879495143890381,0.02026563137769699,0.2930990159511566,0.5312908291816711,-0.01678841933608055,0.32488906383514404,0.4596039354801178,-0.06599532067775726,0.3332287669181824,0.5671428442001343,-0.023542387410998344,0.3318597972393036,0.5985709428787231,0.024640124291181564,T
0.3549422025680542,0.8996181488037109,-2.3608826893450896e-07,0.5487989783287048,0.8801883459091187,-0.10075313597917557,0.7277028560638428,0.8204681873321533,-0.14952126145362854,0.8612896203994751,0.7040351629257202,-0.19293171167373657,0.9308301210403442,0.5920451879501343,-0.22269046306610107,0.6485985517501831,0.5356262922286987,-0.015874093398451805,0.675550639629364,0.3836430609226227,-0.08381661027669907,0.6614400148391724,0.3744816184043884,-0.10317851603031158,0.6413393020629883,0.39892226457595825,-0.10038448125123978,0.5334309339523315,0.5131105780601501,0.001753155724145472,0.5670979619026184,0.3985752761363983,-0.06311961263418198,0.5311673879623413,0.560478687286377,-0.04643053561449051,0.5380179286003113,0.5889232158660889,-0.008542388677597046,0.4191822409629822,0.5144726634025574,-0.0026702696923166513,0.4479517936706543,0.42812126874923706,-0.0853583961725235,0.42470964789390564,0.575874924659729,-0.03613042086362839,0.42563650012016296,0.5917688012123108,0.02277488261461258,0.2935505509376526,0.534163236618042,-0.017240004613995552,0.3234513998031616,0.4631503224372864,-0.06516619771718979,0.3277110159397125,0.5698018670082092,-0.023708952590823174,0.3279798924922943,0.6020042300224304,0.023304395377635956,T
0.3594156503677368,0.9006832838058472,2.7308212580123836e-08,0.548310399055481,0.8982605934143066,-0.10733366012573242,0.7326818108558655,0.8305442333221436,-0.15865318477153778,0.8623748421669006,0.7135390043258667,-0.20259660482406616,0.9327203631401062,0.600722074508667,-0.23226198554039001,0.6545049548149109,0.5466281175613403,-0.018948161974549294,0.6766818761825562,0.4065232276916504,-0.08676066994667053,0.6619541645050049,0.3722364902496338,-0.10486432164907455,0.6388402581214905,0.38008183240890503,-0.1017056405544281,0.5387858152389526,0.5221319794654846,0.003234901698306203,0.5676702857017517,0.411298930644989,-0.06590589880943298,0.5292585492134094,0.5677605271339417,-0.050826262682676315,0.5394225120544434,0.5930547118186951,-0.01222220715135336,0.42503583431243896,0.5199054479598999,0.0031830796506255865,0.4492889642715454,0.43818917870521545,-0.08646640181541443,0.42526423931121826,0.5794037580490112,-0.04185311868786812,0.42794010043144226,0.5892524719238281,0.015713021159172058,0.3016529977321625,0.5336536169052124,-0.0069475555792450905,0.33077776432037354,0.47637227177619934,-0.06423348933458328,0.3307538628578186,0.5779208540916443,-0.031857021152973175,0.3300778269767761,0.5987383127212524,0.010130924172699451,T
0.36012428998947144,0.903645932674408,-1.9899979974979942e-07,0.5426781177520752,0.9050263166427612,-0.10533100366592407,0.7285038232803345,0.8438594937324524,-0.16280518472194672,0.8595150709152222,0.7345895767211914,-0.21535511314868927,0.9360788464546204,0.6256387233734131,-0.2560630440711975,0.6640321612358093,0.5485840439796448,-0.027767252177000046,0.6909136772155762,0.4063403606414795,-0.10228075832128525,0.672697901725769,0.37166041135787964,-0.12670521438121796,0.6498047709465027,0.39112067222595215,-0.127055361866951,0.5447819232940674,0.5237257480621338,-0.010806252248585224,0.5756455063819885,0.4077957272529602,-0.08919909596443176,0.5365574955940247,0.5651825666427612,-0.07884043455123901,0.5448510646820068,0.6059207916259766,-0.0409473180770874,0.42814069986343384,0.5218155384063721,-0.015002342872321606,0.45160233974456787,0.4396358132362366,-0.10724841058254242,0.4264202415943146,0.5861469507217407,-0.05892082676291466,0.42928972840309143,0.6139122247695923,0.003005512058734894,0.304476797580719,0.5372664928436279,-0.029693368822336197,0.32609185576438904,0.4701996445655823,-0.08460115641355515,0.326996773481369,0.578619122505188,-0.04451274871826172,0.33362141251564026,0.6137586832046509,0.004075614269822836,T
0.41013434529304504,0.8960857391357422,-3.248743274397725e-09,0.5866129994392395,0.8905574083328247,-0.08472402393817902,0.7717897891998291,0.7990050911903381,-0.12603092193603516,0.9034086465835571,0.6743619441986084,-0.16262145340442657,0.9628271460533142,0.5635619163513184,-0.19116714596748352,0.6701590418815613,0.5401064157485962,-0.016437139362096786,0.6748989820480347,0.3991279602050781,-0.06993922591209412,0.6753640174865723,0.3448127508163452,-0.0884876549243927,0.667580246925354,0.32887548208236694,-0.09329859167337418,0.5577754974365234,0.5219705104827881,-0.0072498018853366375,0.5905353426933289,0.39949923753738403,-0.0668257623910904,0.5589073300361633,0.5545560717582703,-0.05586269125342369,0.5603607296943665,0.5980268716812134,-0.025588568300008774,0.4520881772041321,0.5298500061035156,-0.015103080309927464,0.47706228494644165,0.4379679262638092,-0.09681027382612228,0.4648582935333252,0.5794914960861206,-0.055497996509075165,0.4594007134437561,0.6059793829917908,-0.004896713886409998,0.3356230556964874,0.5519777536392212,-0.03050895966589451,0.3623217046260834,0.48046156764030457,-0.08331295102834702,0.36656078696250916,0.5800392627716064,-0.051166702061891556,0.3592725396156311,0.6059002876281738,-0.014035283587872982,T
0.3495166599750519,0.8991779088973999,-1.0688126650393315e-07,0.5383830070495605,0.9027756452560425,-0.11065591126680374,0.7219549417495728,0.8489055633544922,-0.17509537935256958,0.8585076332092285,0.7509505748748779,-0.23580561578273773,0.9414809346199036,0.6481389403343201,-0.28329911828041077,0.6602677702903748,0.5523480772972107,-0.02767167054116726,0.6924164891242981,0.40635019540786743,-0.11105424165725708,0.6718027591705322,0.3826003074645996,-0.135488823056221,0.6496604681015015,0.4068813621997833,-0.1317547857761383,0.544106125831604,0.5263403654098511,-0.007924389094114304,0.5776310563087463,0.4105908274650574,-0.09641550481319427,0.5367674827575684,0.5707906484603882,-0.08616713434457779,0.5390725135803223,0.6045162677764893,-0.0440419465303421,0.4280344247817993,0.5184065103530884,-0.011541353538632393,0.4587406814098358,0.43414822220802307,-0.11025600135326385,0.4279070198535919,0.5862228274345398,-0.06271093338727951,0.4248182773590088,0.6080173254013062,0.002113580936565995,0.3062199056148529,0.5254530310630798,-0.02600373700261116,0.3387560546398163,0.4609258472919464,-0.080086350440979,0.3312583267688751,0.5731701850891113,-0.03992052003741264,0.33046382665634155,0.607719361782074,0.0100586898624897,T
0.34996795654296875,0.8951690793037415,-7.06032565744863e-08,0.5285710096359253,0.9020496606826782,-0.10986600816249847,0.7156720757484436,0.8391153812408447,-0.17174918949604034,0.8556731939315796,0.7381395697593689,-0.22843866050243378,0.9456652402877808,0.6355590224266052,-0.27181753516197205,0.6668330430984497,0.5490528345108032,-0.030435431748628616,0.6940464377403259,0.4084782898426056,-0.11145645380020142,0.6677935123443604,0.3773080110549927,-0.1359764188528061,0.6400856375694275,0.3981747031211853,-0.13383165001869202,0.5502012372016907,0.5201745629310608,-0.010578002780675888,0.5764830112457275,0.4125906825065613,-0.09499408304691315,0.5303745269775391,0.5680841207504272,-0.08429735898971558,0.5378938913345337,0.6015313267707825,-0.0443100780248642,0.4335346817970276,0.5118804574012756,-0.01319065224379301,0.45415547490119934,0.43071815371513367,-0.10976599901914597,0.42293035984039307,0.5764098167419434,-0.06185353547334671,0.4255484342575073,0.599912703037262,0.0011936064111068845,0.3088417649269104,0.5202251076698303,-0.02652748115360737,0.332149475812912,0.46270495653152466,-0.08342123031616211,0.32699769735336304,0.570003867149353,-0.045425791293382645,0.3300001621246338,0.6002041101455688,0.00284325098618865,T
0.3365638256072998,0.8900611996650696,-1.687356672164242e-07,0.5210174918174744,0.8922402858734131,-0.11148060113191605,0.7082237005233765,0.8382066488265991,-0.17605853080749512,0.8467113971710205,0.7364830374717712,-0.2343350201845169,0.9292112588882446,0.6296504735946655,-0.27789244055747986,0.6658766269683838,0.544346809387207,-0.043955884873867035,0.6962505578994751,0.39823395013809204,-0.13043245673179626,0.6702753901481628,0.3707311451435089,-0.15421660244464874,0.6374932527542114,0.3852183222770691,-0.1505904346704483,0.5453022718429565,0.5142219662666321,-0.024671290069818497,0.5720328092575073,0.4067785441875458,-0.10845698416233063,0.5259336829185486,0.5718088746070862,-0.09055836498737335,0.5313901901245117,0.5949183702468872,-0.04755866155028343,0.4254060387611389,0.5053301453590393,-0.02826991118490696,0.44970205426216125,0.4206969141960144,-0.1270924210548401,0.4178868234157562,0.5750157833099365,-0.07124026864767075,0.4176773726940155,0.5911980867385864,-0.0040934947319328785,0.2975907325744629,0.5147206783294678,-0.04269314557313919,0.32854628562927246,0.4505487382411957,-0.10060039162635803,0.3222244679927826,0.5645277500152588,-0.05670671910047531,0.31777480244636536,0.5956848859786987,-0.004889831878244877,T
0.3343891501426697,0.8848210573196411,-6.896611637330352e-08,0.5145668387413025,0.893564760684967,-0.11387033015489578,0.7003018856048584,0.8323414325714111,-0.17359402775764465,0.8373569250106812,0.7266385555267334,-0.22460387647151947,0.920271635055542,0.6206879615783691,-0.2608832120895386,0.6559573411941528,0.5382164716720581,-0.038234785199165344,0.6840967535972595,0.39741265773773193,-0.11328783631324768,0.6583667397499084,0.3611465096473694,-0.1344011425971985,0.6221315264701843,0.36789506673812866,-0.13206098973751068,0.5358750820159912,0.5091193914413452,-0.014403870329260826,0.559572160243988,0.4013514518737793,-0.08680272847414017,0.5098689794540405,0.5594798922538757,-0.0698322132229805,0.5196723937988281,0.5874090790748596,-0.030353091657161713,0.416542649269104,0.5010993480682373,-0.012864138931035995,0.43372058868408203,0.42266207933425903,-0.10100537538528442,0.4043889343738556,0.5625563263893127,-0.05228754132986069,0.40852105617523193,0.5761955976486206,0.00656144181266427,0.2915453314781189,0.5094121694564819,-0.022381698712706566,0.31161901354789734,0.4485894739627838,-0.0754072293639183,0.30640465021133423,0.5515683889389038,-0.03820233419537544,0.3063713014125824,0.5765020251274109,0.006355124991387129,T
0.32267242670059204,0.8753088116645813,-1.539253418059161e-07,0.5017314553260803,0.8902958631515503,-0.11319970339536667,0.689835250377655,0.8278597593307495,-0.1692034900188446,0.8289749622344971,0.7187942266464233,-0.21660815179347992,0.9091308116912842,0.6135852336883545,-0.24987608194351196,0.6467190384864807,0.5342837572097778,-0.039746563881635666,0.6736403703689575,0.39531368017196655,-0.11611823737621307,0.6452388167381287,0.3631337285041809,-0.1366390883922577,0.610984206199646,0.3729143738746643,-0.1336473673582077,0.5258409976959229,0.5039058327674866,-0.016945084556937218,0.5486977696418762,0.39442700147628784,-0.09454096108675003,0.4926046133041382,0.5523163676261902,-0.07960212230682373,0.5019702315330505,0.5823309421539307,-0.04012655094265938,0.40609821677207947,0.4955514669418335,-0.01618742011487484,0.4226912260055542,0.4160935580730438,-0.11018731445074081,0.3902308940887451,0.5564562678337097,-0.06300884485244751,0.39586758613586426,0.5713023543357849,-0.003413377096876502,0.2796825170516968,0.5050204992294312,-0.02605012245476246,0.30217546224594116,0.4407061040401459,-0.0826200321316719,0.29461804032325745,0.5438460111618042,-0.046161651611328125,0.2937934696674347,0.5716274976730347,-0.0013569872826337814,T
0.307029664516449,0.8713667392730713,-1.595139451637806e-07,0.4880996346473694,0.881568193435669,-0.11826970428228378,0.6769027709960938,0.8276092410087585,-0.18814341723918915,0.8137454390525818,0.7280536890029907,-0.25170284509658813,0.9001064300537109,0.6213856339454651,-0.30093517899513245,0.6379281878471375,0.5320075750350952,-0.05309465900063515,0.670283317565918,0.3812876343727112,-0.13984426856040955,0.6339696049690247,0.3496859073638916,-0.16322259604930878,0.5992061495780945,0.37485313415527344,-0.15899954736232758,0.5184891819953918,0.5025071501731873,-0.030529610812664032,0.5406742691993713,0.39443185925483704,-0.11936040222644806,0.48307421803474426,0.5513507723808289,-0.10478270798921585,0.4955730736255646,0.585098385810852,-0.06285952031612396,0.39923804998397827,0.4906432330608368,-0.03042905032634735,0.4165554642677307,0.405131459236145,-0.12981991469860077,0.3765649199485779,0.548853874206543,-0.07530657202005386,0.3826533257961273,0.5772625207901001,-0.008825141936540604,0.2732699513435364,0.4947589039802551,-0.04202689230442047,0.2940004765987396,0.4273053705692291,-0.10027411580085754,0.2821364104747772,0.5356215238571167,-0.057453036308288574,0.2845548093318939,0.5755484104156494,-0.005810176022350788,T
0.2944020926952362,0.8634636402130127,-1.235344768701907e-07,0.4739651381969452,0.8823482990264893,-0.1289484202861786,0.6667475700378418,0.8325850963592529,-0.20630741119384766,0.8025939464569092,0.7360365390777588,-0.2753649353981018,0.8942822217941284,0.633773684501648,-0.3290366530418396,0.6339988112449646,0.52398282289505,-0.061231162399053574,0.6585931181907654,0.3732120394706726,-0.15387095510959625,0.6099832653999329,0.345947265625,-0.17691558599472046,0.5710844993591309,0.3754086494445801,-0.1696290671825409,0.5124543309211731,0.49535679817199707,-0.03339195251464844,0.5229758620262146,0.38374656438827515,-0.1247212290763855,0.46182578802108765,0.5486792922019958,-0.10438912361860275,0.48042744398117065,0.5829647183418274,-0.05636812746524811,0.39524364471435547,0.48401308059692383,-0.02999844029545784,0.4021170139312744,0.39636462926864624,-0.13156874477863312,0.3559764623641968,0.5484856963157654,-0.07243271917104721,0.36934027075767517,0.5789574384689331,-0.0012400276027619839,0.27204424142837524,0.487654447555542,-0.03927411884069443,0.2849102020263672,0.41684412956237793,-0.0970260351896286,0.2634146809577942,0.5325949788093567,-0.051764559000730515,0.270776629447937,0.578870415687561,0.0026035872288048267,T
0.2869250774383545,0.859657883644104,-1.9748452473322686e-07,0.46078670024871826,0.8823069334030151,-0.12876135110855103,0.6521272659301758,0.8347395062446594,-0.20458193123340607,0.7888721227645874,0.7388665676116943,-0.27164000272750854,0.8776071071624756,0.6336794495582581,-0.3222564458847046,0.6285361647605896,0.5251535177230835,-0.05981074646115303,0.6584926247596741,0.372892826795578,-0.15869757533073425,0.6082625985145569,0.34850287437438965,-0.18618391454219818,0.5678369998931885,0.3789747357368469,-0.18068331480026245,0.5090309381484985,0.4962979257106781,-0.032081685960292816,0.5183771848678589,0.38501620292663574,-0.1256648153066635,0.45041337609291077,0.5523197054862976,-0.10463543981313705,0.472336083650589,0.5868300199508667,-0.055776193737983704,0.39224082231521606,0.48404404520988464,-0.02984977327287197,0.3955727815628052,0.39422333240509033,-0.13378489017486572,0.3447856903076172,0.5473607778549194,-0.07226799428462982,0.36347097158432007,0.5766048431396484,0.0009903081227093935,0.2695424556732178,0.4875155985355377,-0.04043382406234741,0.2756931781768799,0.4210686981678009,-0.09876018762588501,0.2510192394256592,0.536784827709198,-0.05198649689555168,0.2612795829772949,0.5805481672286987,0.003751204814761877,T
0.2804516553878784,0.861312985420227,-1.632492256931073e-07,0.45431068539619446,0.8807875514030457,-0.12935520708560944,0.6477387547492981,0.8332000970840454,-0.20603078603744507,0.7820239067077637,0.7383989095687866,-0.2730732858181,0.8737979531288147,0.636145293712616,-0.3241102993488312,0.6219324469566345,0.5235621929168701,-0.06407097727060318,0.6466258764266968,0.3736022710800171,-0.15782135725021362,0.5972633957862854,0.34218162298202515,-0.18152843415737152,0.5573229789733887,0.37176355719566345,-0.17444518208503723,0.5003542304039001,0.4954007863998413,-0.035433702170848846,0.5107834339141846,0.38322603702545166,-0.12660136818885803,0.44486063718795776,0.5498998761177063,-0.10533922165632248,0.46403056383132935,0.5877920985221863,-0.05679479241371155,0.38186585903167725,0.483252614736557,-0.03134521469473839,0.3871114253997803,0.3935825228691101,-0.134333536028862,0.33845406770706177,0.5471460223197937,-0.07435063272714615,0.3531234860420227,0.5789039134979248,-0.0023063072003424168,0.25772663950920105,0.4874099791049957,-0.039738308638334274,0.2694619297981262,0.4163622558116913,-0.09856516122817993,0.24554479122161865,0.5322709083557129,-0.05277335271239281,0.2512165307998657,0.5769334435462952,0.0020631502848118544,T
0.2779169976711273,0.8683112859725952,-2.2938358767987665e-07,0.4522355794906616,0.8865763545036316,-0.13181719183921814,0.6385404467582703,0.8331485986709595,-0.2101093977689743,0.7758060693740845,0.7352018356323242,-0.2787267565727234,0.8673692941665649,0.6330293416976929,-0.3300137519836426,0.6135167479515076,0.5232412815093994,-0.07132906466722488,0.6364158391952515,0.3675810992717743,-0.16924519836902618,0.5794337391853333,0.34448111057281494,-0.19083379209041595,0.5357173681259155,0.37052273750305176,-0.1810499131679535,0.4915822148323059,0.4993882179260254,-0.041134387254714966,0.48866838216781616,0.38892126083374023,-0.13326042890548706,0.4311999976634979,0.5602352023124695,-0.10686686635017395,0.45824819803237915,0.5850209593772888,-0.0559803731739521,0.3743712604045868,0.4897673726081848,-0.03613433614373207,0.37266647815704346,0.3992377519607544,-0.13960224390029907,0.3308981657028198,0.555677592754364,-0.07476437836885452,0.3522558808326721,0.5820305347442627,-0.0004148938169237226,0.2532068192958832,0.49572429060935974,-0.04411846026778221,0.25561100244522095,0.42245054244995117,-0.10214350372552872,0.23813627660274506,0.5406632423400879,-0.054061159491539,0.2539023756980896,0.5907800197601318,0.0021941375453025103,T
0.4241141676902771,0.8988037109375,4.821849586278404e-08,0.599082887172699,0.8910599946975708,-0.0830054059624672,0.7863553166389465,0.8035614490509033,-0.1200810894370079,0.9156139492988586,0.6863147020339966,-0.15223446488380432,0.9674298763275146,0.5769354701042175,-0.1769407093524933,0.6854991316795349,0.5436995029449463,-0.01258036121726036,0.6942192316055298,0.4079061448574066,-0.06354927271604538,0.7017726302146912,0.3526744246482849,-0.08318010717630386,0.6986846327781677,0.3387971520423889,-0.08926835656166077,0.5747461318969727,0.5248055458068848,-0.004090298432856798,0.6132648587226868,0.405558317899704,-0.06394611299037933,0.5822067260742188,0.5560014843940735,-0.05777077376842499,0.5771607756614685,0.6023920774459839,-0.030361995100975037,0.4692564606666565,0.5318447947502136,-0.01204212661832571,0.49768802523612976,0.4419431686401367,-0.09443240612745285,0.48543158173561096,0.5821171998977661,-0.057368203997612,0.47398853302001953,0.6080464124679565,-0.008736916817724705,0.3504023849964142,0.5557705760002136,-0.027131421491503716,0.3862708806991577,0.48508280515670776,-0.0805957019329071,0.3905962109565735,0.5826669931411743,-0.04934626445174217,0.37675654888153076,0.6060883402824402,-0.012362146750092506,T
0.2746751606464386,0.8709185123443604,-1.7149851316844433e-07,0.449860543012619,0.8879724740982056,-0.12833575904369354,0.6363013982772827,0.836642861366272,-0.20323465764522552,0.7699590921401978,0.737467348575592,-0.26851028203964233,0.8545972108840942,0.630696713924408,-0.3184776306152344,0.6068301796913147,0.5364367365837097,-0.06908269971609116,0.6329435706138611,0.38250383734703064,-0.16198848187923431,0.5808435678482056,0.3547242283821106,-0.18485866487026215,0.5360418558120728,0.3799598515033722,-0.17811177670955658,0.4882860779762268,0.5083637237548828,-0.040557969361543655,0.49070605635643005,0.3968578577041626,-0.1281394362449646,0.4282088279724121,0.563589870929718,-0.10365878790616989,0.450717568397522,0.5995461344718933,-0.05485398694872856,0.3703557550907135,0.4989677965641022,-0.03631902486085892,0.36900439858436584,0.4074421525001526,-0.13544954359531403,0.32749006152153015,0.5585508346557617,-0.07370365411043167,0.34722840785980225,0.588651180267334,-0.002576282015070319,0.2462201714515686,0.5073344111442566,-0.04457912966609001,0.24986818432807922,0.43646618723869324,-0.10216117650270462,0.2344697117805481,0.5517964363098145,-0.05648752674460411,0.24847564101219177,0.5982345342636108,-0.002857797546312213,T
0.2641441226005554,0.8856264352798462,-2.520108637327212e-07,0.44207584857940674,0.895512580871582,-0.1316310167312622,0.6277445554733276,0.8412256240844727,-0.20516400039196014,0.7620936632156372,0.7421396970748901,-0.26837003231048584,0.8448033928871155,0.634246289730072,-0.31405365467071533,0.6002583503723145,0.5369120836257935,-0.06841299682855606,0.6218708157539368,0.38471531867980957,-0.1662384271621704,0.5660439729690552,0.3720008134841919,-0.18808285892009735,0.5211719274520874,0.4003344774246216,-0.1784883737564087,0.4793294370174408,0.5135769844055176,-0.03862518072128296,0.4792053699493408,0.4070298671722412,-0.12844282388687134,0.42232802510261536,0.5788111686706543,-0.10124102979898453,0.4473089873790741,0.60383540391922,-0.0493706613779068,0.35974395275115967,0.5070306062698364,-0.03472333401441574,0.357229620218277,0.42070382833480835,-0.1375327855348587,0.3195582628250122,0.576049268245697,-0.07421786338090897,0.3406871557235718,0.5963506102561951,-0.0006872785743325949,0.23512747883796692,0.5190750360488892,-0.043658602982759476,0.2388407289981842,0.45224738121032715,-0.10185655206441879,0.22710567712783813,0.5694087743759155,-0.05466726794838905,0.24124228954315186,0.6121893525123596,0.0010038631735369563,T
0.26709479093551636,0.896960973739624,-1.0938584438235921e-07,0.44494256377220154,0.9119504690170288,-0.11954441666603088,0.6337626576423645,0.851291835308075,-0.19489790499210358,0.7635394930839539,0.7479215264320374,-0.26296761631965637,0.8440159559249878,0.6423956751823425,-0.31772762537002563,0.5922706127166748,0.5498093962669373,-0.06259412318468094,0.6173045635223389,0.40818363428115845,-0.15552470088005066,0.5590018033981323,0.38366374373435974,-0.17861923575401306,0.5108002424240112,0.4143821597099304,-0.17073814570903778,0.4700778126716614,0.5258686542510986,-0.03691442310810089,0.4659886658191681,0.4210420250892639,-0.12466573715209961,0.4123748540878296,0.5885671973228455,-0.10047174990177155,0.432060569524765,0.6243326663970947,-0.0508459210395813,0.35054701566696167,0.520980954170227,-0.03448406606912613,0.34065842628479004,0.4343716502189636,-0.13108810782432556,0.3035249710083008,0.5889505743980408,-0.0681564211845398,0.32156431674957275,0.6255007982254028,0.004790200386196375,0.22683188319206238,0.5335599780082703,-0.04361999034881592,0.2272188365459442,0.4656006693840027,-0.09544352442026138,0.21253043413162231,0.5827164649963379,-0.04666096344590187,0.22875018417835236,0.6319966316223145,0.009574458934366703,T
0.25974732637405396,0.9052422046661377,-2.1267533156787977e-07,0.43680381774902344,0.9213947653770447,-0.11288964003324509,0.6296762824058533,0.857721209526062,-0.18357589840888977,0.7525527477264404,0.7504190802574158,-0.24687957763671875,0.8307632803916931,0.6443150043487549,-0.2951182425022125,0.577995777130127,0.5522836446762085,-0.05701901391148567,0.5968114137649536,0.40475982427597046,-0.1462840586900711,0.5360704660415649,0.38339564204216003,-0.16181139647960663,0.4888079762458801,0.41634517908096313,-0.1478753536939621,0.45437338948249817,0.5341081619262695,-0.032093875110149384,0.4466274678707123,0.42794424295425415,-0.1136295422911644,0.39936405420303345,0.6020750403404236,-0.0821952372789383,0.42201927304267883,0.6302139163017273,-0.02861219272017479,0.3369181454181671,0.5333481431007385,-0.0298933032900095,0.3287530541419983,0.4483907222747803,-0.12252161651849747,0.29578274488449097,0.6080600619316101,-0.05244678631424904,0.31352028250694275,0.6363838315010071,0.024082278832793236,0.2151370793581009,0.5496600866317749,-0.0386408194899559,0.21750618517398834,0.4811469316482544,-0.08464913815259933,0.2039317488670349,0.601118266582489,-0.030022969469428062,0.21910256147384644,0.6443096399307251,0.029193101450800896,T
0.23910653591156006,0.8964616656303406,-1.6523406998203427e-07,0.4094811677932739,0.9185484647750854,-0.11908026039600372,0.6045081615447998,0.8541876077651978,-0.18573011457920074,0.7322534322738647,0.7477760314941406,-0.24284790456295013,0.8123469352722168,0.6463646292686462,-0.28540822863578796,0.5610125660896301,0.5615067481994629,-0.055379267781972885,0.5823171138763428,0.41824406385421753,-0.14509543776512146,0.5301096439361572,0.3853021562099457,-0.16740451753139496,0.4859393239021301,0.40561211109161377,-0.15987728536128998,0.4382387697696686,0.5370432734489441,-0.02841433882713318,0.4344213008880615,0.4320821166038513,-0.11256343126296997,0.37838077545166016,0.5976922512054443,-0.08766878396272659,0.40137192606925964,0.6298150420188904,-0.03851742669939995,0.3200520873069763,0.5337010622024536,-0.02513444796204567,0.31602808833122253,0.45173680782318115,-0.12056304514408112,0.2770363986492157,0.6005073189735413,-0.05826440081000328,0.29490458965301514,0.6244873404502869,0.013240494765341282,0.19685953855514526,0.5472231507301331,-0.03344399482011795,0.20053040981292725,0.48189008235931396,-0.0843149796128273,0.18426743149757385,0.5944098234176636,-0.03625088557600975,0.19687288999557495,0.6315016150474548,0.018190234899520874,T
0.21631374955177307,0.9118249416351318,-3.4171344509559276e-07,0.3952973783016205,0.9234937429428101,-0.11512425541877747,0.5924868583679199,0.8486330509185791,-0.18344905972480774,0.7228788137435913,0.7368177175521851,-0.24451136589050293,0.8045462369918823,0.6318666934967041,-0.2897629141807556,0.5391061305999756,0.545592188835144,-0.054844971746206284,0.5508241653442383,0.38855698704719543,-0.1437828242778778,0.4898025095462799,0.3775908946990967,-0.15999026596546173,0.44800204038619995,0.4127506911754608,-0.14838886260986328,0.41475626826286316,0.5281116962432861,-0.030865948647260666,0.4037977159023285,0.41754093766212463,-0.11364372074604034,0.3625926375389099,0.5909380912780762,-0.0844358503818512,0.38842812180519104,0.6137279868125916,-0.03421865403652191,0.29592037200927734,0.5292430520057678,-0.030581176280975342,0.2894010543823242,0.4427110552787781,-0.12442905455827713,0.2607960104942322,0.5983845591545105,-0.05830953270196915,0.27851805090904236,0.619634211063385,0.013798174448311329,0.1746646761894226,0.5477255582809448,-0.0419517457485199,0.17510317265987396,0.47797948122024536,-0.09132715314626694,0.16471053659915924,0.5949444770812988,-0.04154682159423828,0.18143579363822937,0.6359321475028992,0.01301155798137188,T
0.2185964733362198,0.8994467258453369,-2.871138633508963e-07,0.3935779929161072,0.9106611013412476,-0.12173128128051758,0.588078498840332,0.8396462202072144,-0.19021554291248322,0.7117606401443481,0.7291017174720764,-0.248781219124794,0.7878310680389404,0.623663604259491,-0.28898385167121887,0.5321043133735657,0.536739706993103,-0.059687234461307526,0.5409805178642273,0.3883020281791687,-0.1545705944299698,0.4778057336807251,0.37910449504852295,-0.1707286536693573,0.43324312567710876,0.40724849700927734,-0.15633852779865265,0.40527909994125366,0.5218396186828613,-0.03187361732125282,0.39706724882125854,0.41292232275009155,-0.11791734397411346,0.35372743010520935,0.5902649164199829,-0.08442893624305725,0.3807057738304138,0.6075115203857422,-0.02838573418557644,0.28655001521110535,0.5231584906578064,-0.029267076402902603,0.2824838161468506,0.43439120054244995,-0.12946699559688568,0.25121647119522095,0.597872257232666,-0.059487514197826385,0.26904523372650146,0.6161136031150818,0.01888449117541313,0.16645470261573792,0.541409432888031,-0.03857500106096268,0.17184926569461823,0.47102290391921997,-0.09110800921916962,0.15802155435085297,0.590269148349762,-0.03959200903773308,0.17011037468910217,0.6279565691947937,0.01857745088636875,T
0.20811466872692108,0.8932841420173645,-2.894091153393674e-07,0.3841756284236908,0.9098389148712158,-0.11031059175729752,0.5822673439979553,0.8371942639350891,-0.18089255690574646,0.704838752746582,0.719436526298523,-0.24440433084964752,0.781613826751709,0.6127747297286987,-0.2919534146785736,0.5196584463119507,0.5323899984359741,-0.054020803421735764,0.5387805104255676,0.3836206793785095,-0.14978593587875366,0.48127126693725586,0.36324945092201233,-0.17210783064365387,0.43746140599250793,0.3885768949985504,-0.1638220250606537,0.39228397607803345,0.5119554996490479,-0.03198465332388878,0.3845210075378418,0.4030647575855255,-0.11890154331922531,0.34734728932380676,0.5790782570838928,-0.08946631848812103,0.3693108856678009,0.6015874147415161,-0.037952423095703125,0.2738688886165619,0.5096301436424255,-0.033500880002975464,0.2633994221687317,0.42287585139274597,-0.12749716639518738,0.24086926877498627,0.5807782411575317,-0.05712977051734924,0.25859448313713074,0.6024435758590698,0.018173392862081528,0.15192830562591553,0.5255113840103149,-0.046287909150123596,0.14954982697963715,0.4622088074684143,-0.09153518825769424,0.14322009682655334,0.5795280337333679,-0.03794688358902931,0.1611608862876892,0.615326464176178,0.018990779295563698,T
0.21390169858932495,0.87073814868927,-2.239212051335926e-07,0.38623347878456116,0.8919450044631958,-0.110869862139225,0.5817615985870361,0.8176569938659668,-0.17508265376091003,0.7005071640014648,0.7025795578956604,-0.22946588695049286,0.7726421356201172,0.599363386631012,-0.2683125436306,0.5203890204429626,0.5262484550476074,-0.052980925887823105,0.5426828861236572,0.3903988301753998,-0.14013010263442993,0.4859239459037781,0.363922119140625,-0.16060154139995575,0.442678838968277,0.3840165138244629,-0.1535705178976059,0.39758968353271484,0.5039429664611816,-0.027909137308597565,0.3897610306739807,0.3973448872566223,-0.11004529893398285,0.34717315435409546,0.567030668258667,-0.08270284533500671,0.37138235569000244,0.599395751953125,-0.033626630902290344,0.27881428599357605,0.5008881092071533,-0.025494201108813286,0.27037736773490906,0.41881251335144043,-0.11597278714179993,0.2403237521648407,0.5702582597732544,-0.05155561864376068,0.2577981948852539,0.5980411767959595,0.018985096365213394,0.15615689754486084,0.5175917148590088,-0.033899299800395966,0.15353313088417053,0.45531219244003296,-0.08087500184774399,0.14158420264720917,0.5682101249694824,-0.03350029140710831,0.15738198161125183,0.6040287017822266,0.018519530072808266,T
0.20235128700733185,0.8898804187774658,-2.870240507490962e-07,0.37664884328842163,0.9014853239059448,-0.11362619698047638,0.5760593414306641,0.8287404775619507,-0.18534718453884125,0.7017296552658081,0.7163527607917786,-0.25096139311790466,0.7741042375564575,0.6095826029777527,-0.30090492963790894,0.5142228007316589,0.5184375643730164,-0.05003083124756813,0.5334128141403198,0.3715527057647705,-0.14856348931789398,0.48045265674591064,0.3514029085636139,-0.1734078973531723,0.4450317323207855,0.37202703952789307,-0.1666422337293625,0.3864390552043915,0.5001969337463379,-0.028530636802315712,0.38307327032089233,0.39027175307273865,-0.12252479791641235,0.3457024097442627,0.5704836249351501,-0.09688428789377213,0.3672310709953308,0.595409095287323,-0.04547794163227081,0.26577889919281006,0.5002848505973816,-0.03152300417423248,0.25477614998817444,0.4109358489513397,-0.13385117053985596,0.23217855393886566,0.5742782354354858,-0.06674966216087341,0.25045353174209595,0.5983334183692932,0.009162256494164467,0.14184458553791046,0.5189620852470398,-0.045760780572891235,0.1412634402513504,0.449550986289978,-0.09793119132518768,0.13478529453277588,0.5724919438362122,-0.04644990712404251,0.15142199397087097,0.6133617758750916,0.010826390236616135,T
0.4238349497318268,0.9069341421127319,2.3202960619528312e-07,0.602173388004303,0.8952063322067261,-0.08591160178184509,0.7929486632347107,0.8122460246086121,-0.12131060659885406,0.9222091436386108,0.7026733160018921,-0.15028949081897736,0.9679093360900879,0.5918911695480347,-0.17329245805740356,0.6876868605613708,0.5523749589920044,-0.008959105238318443,0.6941884160041809,0.4164977967739105,-0.046032607555389404,0.7199988961219788,0.3637315034866333,-0.059515777975320816,0.7338190078735352,0.3418344259262085,-0.06472238898277283,0.5817310214042664,0.5296784043312073,0.0021889135241508484,0.6333715915679932,0.4089335799217224,-0.04569076746702194,0.6041132211685181,0.5581765174865723,-0.03863602131605148,0.5922885537147522,0.6034855842590332,-0.012556785717606544,0.4788665473461151,0.5355912446975708,-0.002540472662076354,0.5207792520523071,0.44191861152648926,-0.07808429002761841,0.5077089071273804,0.588739812374115,-0.04446462169289589,0.48904287815093994,0.6156330108642578,0.0008089798502624035,0.35990962386131287,0.5579123497009277,-0.014087703078985214,0.40727901458740234,0.4824887216091156,-0.06551536172628403,0.41019853949546814,0.5810579061508179,-0.0360078290104866,0.3909013271331787,0.6035866141319275,-0.0011275432771071792,T
0.20006902515888214,0.8844939470291138,-2.602185134037427e-07,0.3782782554626465,0.9040528535842896,-0.10986442118883133,0.5699442625045776,0.8259680271148682,-0.17894364893436432,0.6951394081115723,0.7108213901519775,-0.24114753305912018,0.7659982442855835,0.6015134453773499,-0.2894788384437561,0.5085896253585815,0.5312005281448364,-0.06154721975326538,0.5360882878303528,0.37946200370788574,-0.1577865183353424,0.479068785905838,0.3485409915447235,-0.18458667397499084,0.4382580816745758,0.366319477558136,-0.18139298260211945,0.387191504240036,0.507885217666626,-0.04055120050907135,0.38045912981033325,0.396026074886322,-0.13407839834690094,0.3345451056957245,0.5647647380828857,-0.11214268207550049,0.3593856692314148,0.5993239283561707,-0.06561368703842163,0.26833581924438477,0.5022088885307312,-0.04196901246905327,0.25610971450805664,0.41254496574401855,-0.14067310094833374,0.22490531206130981,0.5678555369377136,-0.07737395912408829,0.24923601746559143,0.6022489666938782,-0.005789455026388168,0.14605043828487396,0.5162879228591919,-0.054173268377780914,0.14094984531402588,0.4447271525859833,-0.10579612106084824,0.12891149520874023,0.5626258254051208,-0.05679091438651085,0.15270988643169403,0.6109644174575806,-0.0021080616861581802,T
0.43358170986175537,0.9127345085144043,2.584569642749557e-07,0.6146482229232788,0.8916652202606201,-0.0774431824684143,0.8013328313827515,0.8124619722366333,-0.10886575281620026,0.9209408760070801,0.7032618522644043,-0.13628233969211578,0.9601731896400452,0.593246340751648,-0.15846988558769226,0.6841021776199341,0.5637822151184082,0.0068023609928786755,0.6982876062393188,0.4398271143436432,-0.029557736590504646,0.7239991426467896,0.37800073623657227,-0.04500646889209747,0.7426295280456543,0.34598737955093384,-0.052548449486494064,0.5833732485771179,0.5401212573051453,0.01314737182110548,0.6398690938949585,0.4110628068447113,-0.041318535804748535,0.6139346361160278,0.5559676885604858,-0.040959957987070084,0.6017506718635559,0.6046856045722961,-0.01641744375228882,0.48215317726135254,0.5409497022628784,0.004279128275811672,0.5321930050849915,0.44258642196655273,-0.0772024616599083,0.5201852321624756,0.5823663473129272,-0.046360258013010025,0.49728649854660034,0.6107958555221558,0.000294733967166394,0.36236727237701416,0.5603171586990356,-0.010710476897656918,0.4199432134628296,0.48543891310691833,-0.06700672954320908,0.4238691031932831,0.5858772397041321,-0.038008347153663635,0.40096086263656616,0.6117961406707764,-0.0014128000475466251,T
0.4295875132083893,0.9032688736915588,2.86369100876982e-07,0.6006945967674255,0.8969905376434326,-0.07988878339529037,0.7991285920143127,0.8203984498977661,-0.11648593097925186,0.9219222068786621,0.7133976817131042,-0.1475483626127243,0.9604907035827637,0.5997409820556641,-0.17517292499542236,0.6926250457763672,0.5598782300949097,-0.013395561836659908,0.6990755200386047,0.4326125979423523,-0.048700686544179916,0.7321904897689819,0.37348276376724243,-0.06411062926054001,0.7540253400802612,0.3495231866836548,-0.07196945697069168,0.5900080800056458,0.535041093826294,-0.0068432348780334,0.6526842713356018,0.4095940887928009,-0.05663883313536644,0.6233915686607361,0.5511372685432434,-0.055022772401571274,0.6027822494506836,0.60279381275177,-0.0325743705034256,0.49007725715637207,0.5368380546569824,-0.013568442314863205,0.5421913862228394,0.439258337020874,-0.08930708467960358,0.5289334058761597,0.5790194272994995,-0.05769616365432739,0.5007902383804321,0.6148251891136169,-0.013814209029078484,0.370961457490921,0.5562894940376282,-0.026242682710289955,0.4283657371997833,0.48021674156188965,-0.080624058842659,0.43143340945243835,0.5799077749252319,-0.05121639743447304,0.40559571981430054,0.6094880104064941,-0.015698494389653206,T
0.4349265694618225,0.9168158769607544,2.7214665010433237e-07,0.6051130890846252,0.900322437286377,-0.07882865518331528,0.7944291830062866,0.8188815116882324,-0.11702128499746323,0.9173509478569031,0.7117114067077637,-0.1510176956653595,0.956609845161438,0.5995164513587952,-0.18063953518867493,0.6879278421401978,0.5626961588859558,-0.008947174996137619,0.7022875547409058,0.4344172477722168,-0.04876412823796272,0.7339351177215576,0.37807735800743103,-0.06578867882490158,0.7555623054504395,0.3526286780834198,-0.07345987111330032,0.5868018865585327,0.5396294593811035,-0.002696174895390868,0.6500102877616882,0.412344366312027,-0.0561600998044014,0.6194362044334412,0.5561739802360535,-0.054289065301418304,0.5991355776786804,0.6011218428611755,-0.030550606548786163,0.48625028133392334,0.5406033992767334,-0.010298355482518673,0.5423271656036377,0.43969014286994934,-0.0875946432352066,0.5285068154335022,0.5767121315002441,-0.05374111607670784,0.4992111921310425,0.6072714924812317,-0.007352878805249929,0.3667537569999695,0.5580399036407471,-0.02408200316131115,0.428941547870636,0.48166579008102417,-0.07684699445962906,0.4351782202720642,0.5801542401313782,-0.04474525898694992,0.409158855676651,0.6089325547218323,-0.006848386023193598,T
0.42703384160995483,0.8999221324920654,3.1667124744672037e-07,0.5919041037559509,0.8963340520858765,-0.07798830419778824,0.7895046472549438,0.8184655904769897,-0.11360832303762436,0.9170773029327393,0.7164164781570435,-0.14394709467887878,0.9566754102706909,0.6098847985267639,-0.17038829624652863,0.6863617300987244,0.5598386526107788,-0.012103554792702198,0.6965178847312927,0.43972378969192505,-0.0507965013384819,0.7344376444816589,0.3801814019680023,-0.06770758330821991,0.7615659236907959,0.3534044623374939,-0.07633379101753235,0.5872405767440796,0.5355163216590881,-0.006841400638222694,0.6542569994926453,0.4110909104347229,-0.06503301858901978,0.6244451999664307,0.5574654936790466,-0.0657767578959465,0.6012768149375916,0.6111292839050293,-0.042099595069885254,0.4896004796028137,0.5347067713737488,-0.014830424450337887,0.5436959266662598,0.4381753206253052,-0.09766511619091034,0.5307924747467041,0.5807331800460815,-0.06716998666524887,0.4997045695781708,0.6156309843063354,-0.021092988550662994,0.3725142776966095,0.5509907007217407,-0.028344230726361275,0.434705913066864,0.47885534167289734,-0.08602598309516907,0.43792301416397095,0.5798704624176025,-0.05726934224367142,0.409507155418396,0.6085907220840454,-0.020947454497218132,T
